{
  "optimization_timestamp": "2025-07-19 03:58:37",
  "engine_version": "Phase 3 Enhanced",
  "results": {
    "citation_normalization": {
      "total_variants": 60,
      "average_variants_per_citation": 20.0,
      "processing_time": 0.009112834930419922,
      "operations_per_second": 32920.60070116687
    },
    "semantic_matching": {
      "total_comparisons": 18,
      "average_similarity": 0.9825634643749225,
      "processing_time": 0.007150173187255859,
      "comparisons_per_second": 2517.4215405135046
    },
    "source_prediction": {
      "total_predictions": 3,
      "prediction_consistency": 100.0,
      "processing_time": 0.0018377304077148438,
      "predictions_per_second": 1632.4483653347172
    },
    "caching": {
      "cache_hits": 0,
      "cache_misses": 3,
      "hit_rate": 0.0,
      "processing_time": 0.03119206428527832,
      "operations_per_second": 96.17830909049216
    },
    "error_recovery": {
      "total_recovery_attempts": 12,
      "recovery_success_rate": 75.0,
      "average_recovery_time": 0.0013173619906107585,
      "recoveries_per_second": 759.0927984314908
    },
    "analytics": {
      "total_metrics_recorded": 9,
      "summary_generation_time": 0.0002002716064453125,
      "operations_per_second": 44938.97142857143,
      "success_rate": 100.0
    },
    "benchmarks": {
      "citation_processing": {
        "operations": 300,
        "time": 0.05323600769042969,
        "ops_per_second": 5635.283579950557
      },
      "semantic_matching": {
        "operations": 150,
        "time": 0.05883908271789551,
        "ops_per_second": 2549.32594240424
      },
      "source_prediction": {
        "operations": 150,
        "time": 0.005202054977416992,
        "ops_per_second": 28834.75869654888
      }
    }
  },
  "summary": {
    "total_optimizations": 7,
    "performance_score": 82.15126928749845,
    "recommendations": [
      "Increase cache TTL and optimize cache keys",
      "Enhance error recovery strategies and fallback mechanisms"
    ]
  }
}