2025-10-23 14:44:02 - src.app_final_vue - INFO - [RESPONSE #3040] GET vue_api.health_check -> 200 (444 chars)
2025-10-23 14:44:32 - src.database_manager - ERROR - Database connection error: [Errno 2] No such file or directory: '/app/data/citations.db'
2025-10-23 14:44:32 - src.database_manager - ERROR - Failed to get database stats: [Errno 2] No such file or directory: '/app/data/citations.db'
2025-10-23 14:44:32 - src.app_final_vue - INFO - [RESPONSE #3041] GET vue_api.health_check -> 200 (444 chars)
2025-10-23 14:44:37 - src.memory_monitor - INFO - Memory usage: 114.6MB (0.7%)
2025-10-23 14:45:02 - src.database_manager - ERROR - Database connection error: [Errno 2] No such file or directory: '/app/data/citations.db'
2025-10-23 14:45:02 - src.database_manager - ERROR - Failed to get database stats: [Errno 2] No such file or directory: '/app/data/citations.db'
2025-10-23 14:45:02 - src.app_final_vue - INFO - [RESPONSE #3042] GET vue_api.health_check -> 200 (444 chars)
2025-10-23 14:45:32 - src.database_manager - ERROR - Database connection error: [Errno 2] No such file or directory: '/app/data/citations.db'
2025-10-23 14:45:32 - src.database_manager - ERROR - Failed to get database stats: [Errno 2] No such file or directory: '/app/data/citations.db'
2025-10-23 14:45:32 - src.app_final_vue - INFO - [RESPONSE #3043] GET vue_api.health_check -> 200 (444 chars)
2025-10-23 14:45:37 - src.memory_monitor - INFO - Memory usage: 114.6MB (0.7%)
2025-10-23 14:46:02 - src.database_manager - ERROR - Database connection error: [Errno 2] No such file or directory: '/app/data/citations.db'
2025-10-23 14:46:02 - src.database_manager - ERROR - Failed to get database stats: [Errno 2] No such file or directory: '/app/data/citations.db'
2025-10-23 14:46:02 - src.app_final_vue - INFO - [RESPONSE #3044] GET vue_api.health_check -> 200 (444 chars)
2025-10-23 14:46:33 - src.database_manager - ERROR - Database connection error: [Errno 2] No such file or directory: '/app/data/citations.db'
2025-10-23 14:46:33 - src.database_manager - ERROR - Failed to get database stats: [Errno 2] No such file or directory: '/app/data/citations.db'
2025-10-23 14:46:33 - src.app_final_vue - INFO - [RESPONSE #3045] GET vue_api.health_check -> 200 (444 chars)
2025-10-23 14:46:37 - src.memory_monitor - INFO - Memory usage: 114.6MB (0.7%)
2025-10-23 14:47:03 - src.database_manager - ERROR - Database connection error: [Errno 2] No such file or directory: '/app/data/citations.db'
2025-10-23 14:47:03 - src.database_manager - ERROR - Failed to get database stats: [Errno 2] No such file or directory: '/app/data/citations.db'
2025-10-23 14:47:03 - src.app_final_vue - INFO - [RESPONSE #3046] GET vue_api.health_check -> 200 (444 chars)
2025-10-23 14:47:33 - src.database_manager - ERROR - Database connection error: [Errno 2] No such file or directory: '/app/data/citations.db'
2025-10-23 14:47:33 - src.database_manager - ERROR - Failed to get database stats: [Errno 2] No such file or directory: '/app/data/citations.db'
2025-10-23 14:47:33 - src.app_final_vue - INFO - [RESPONSE #3047] GET vue_api.health_check -> 200 (444 chars)
2025-10-23 14:47:37 - src.memory_monitor - INFO - Memory usage: 114.6MB (0.7%)
2025-10-23 14:48:03 - src.database_manager - ERROR - Database connection error: [Errno 2] No such file or directory: '/app/data/citations.db'
2025-10-23 14:48:03 - src.database_manager - ERROR - Failed to get database stats: [Errno 2] No such file or directory: '/app/data/citations.db'
2025-10-23 14:48:03 - src.app_final_vue - INFO - [RESPONSE #3048] GET vue_api.health_check -> 200 (444 chars)
2025-10-23 14:48:33 - src.database_manager - ERROR - Database connection error: [Errno 2] No such file or directory: '/app/data/citations.db'
2025-10-23 14:48:33 - src.database_manager - ERROR - Failed to get database stats: [Errno 2] No such file or directory: '/app/data/citations.db'
2025-10-23 14:48:33 - src.app_final_vue - INFO - [RESPONSE #3049] GET vue_api.health_check -> 200 (444 chars)
2025-10-23 14:48:37 - src.memory_monitor - INFO - Memory usage: 114.6MB (0.7%)
2025-10-23 14:49:03 - src.database_manager - ERROR - Database connection error: [Errno 2] No such file or directory: '/app/data/citations.db'
2025-10-23 14:49:03 - src.database_manager - ERROR - Failed to get database stats: [Errno 2] No such file or directory: '/app/data/citations.db'
2025-10-23 14:49:03 - src.app_final_vue - INFO - [RESPONSE #3050] GET vue_api.health_check -> 200 (444 chars)
2025-10-23 14:49:33 - src.database_manager - ERROR - Database connection error: [Errno 2] No such file or directory: '/app/data/citations.db'
2025-10-23 14:49:33 - src.database_manager - ERROR - Failed to get database stats: [Errno 2] No such file or directory: '/app/data/citations.db'
2025-10-23 14:49:33 - src.app_final_vue - INFO - [RESPONSE #3051] GET vue_api.health_check -> 200 (444 chars)
2025-10-23 14:49:37 - src.memory_monitor - INFO - Memory usage: 114.6MB (0.7%)
2025-10-23 14:50:03 - src.database_manager - ERROR - Database connection error: [Errno 2] No such file or directory: '/app/data/citations.db'
2025-10-23 14:50:03 - src.database_manager - ERROR - Failed to get database stats: [Errno 2] No such file or directory: '/app/data/citations.db'
2025-10-23 14:50:03 - src.app_final_vue - INFO - [RESPONSE #3052] GET vue_api.health_check -> 200 (444 chars)
2025-10-23 14:50:05 - src.app_final_vue - WARNING - [RESPONSE #3053] GET None -> 404 (22 chars)
2025-10-23 14:50:05 - src.app_final_vue - WARNING - [RESPONSE #3054] GET None -> 404 (22 chars)
2025-10-23 14:50:34 - src.database_manager - ERROR - Database connection error: [Errno 2] No such file or directory: '/app/data/citations.db'
2025-10-23 14:50:34 - src.database_manager - ERROR - Failed to get database stats: [Errno 2] No such file or directory: '/app/data/citations.db'
2025-10-23 14:50:34 - src.app_final_vue - INFO - [RESPONSE #3055] GET vue_api.health_check -> 200 (444 chars)
2025-10-23 14:50:37 - src.memory_monitor - INFO - Memory usage: 114.6MB (0.7%)
2025-10-23 14:51:04 - src.database_manager - ERROR - Database connection error: [Errno 2] No such file or directory: '/app/data/citations.db'
2025-10-23 14:51:04 - src.database_manager - ERROR - Failed to get database stats: [Errno 2] No such file or directory: '/app/data/citations.db'
2025-10-23 14:51:04 - src.app_final_vue - INFO - [RESPONSE #3056] GET vue_api.health_check -> 200 (444 chars)
2025-10-23 14:51:34 - src.database_manager - ERROR - Database connection error: [Errno 2] No such file or directory: '/app/data/citations.db'
2025-10-23 14:51:34 - src.database_manager - ERROR - Failed to get database stats: [Errno 2] No such file or directory: '/app/data/citations.db'
2025-10-23 14:51:34 - src.app_final_vue - INFO - [RESPONSE #3057] GET vue_api.health_check -> 200 (444 chars)
2025-10-23 14:51:37 - src.memory_monitor - INFO - Memory usage: 114.6MB (0.7%)
2025-10-23 14:52:04 - src.database_manager - ERROR - Database connection error: [Errno 2] No such file or directory: '/app/data/citations.db'
2025-10-23 14:52:04 - src.database_manager - ERROR - Failed to get database stats: [Errno 2] No such file or directory: '/app/data/citations.db'
2025-10-23 14:52:04 - src.app_final_vue - INFO - [RESPONSE #3058] GET vue_api.health_check -> 200 (444 chars)
2025-10-23 14:52:34 - src.database_manager - ERROR - Database connection error: [Errno 2] No such file or directory: '/app/data/citations.db'
2025-10-23 14:52:34 - src.database_manager - ERROR - Failed to get database stats: [Errno 2] No such file or directory: '/app/data/citations.db'
2025-10-23 14:52:34 - src.app_final_vue - INFO - [RESPONSE #3059] GET vue_api.health_check -> 200 (444 chars)
2025-10-23 14:52:37 - src.memory_monitor - INFO - Memory usage: 114.6MB (0.7%)
2025-10-23 14:53:04 - src.database_manager - ERROR - Database connection error: [Errno 2] No such file or directory: '/app/data/citations.db'
2025-10-23 14:53:04 - src.database_manager - ERROR - Failed to get database stats: [Errno 2] No such file or directory: '/app/data/citations.db'
2025-10-23 14:53:04 - src.app_final_vue - INFO - [RESPONSE #3060] GET vue_api.health_check -> 200 (444 chars)
2025-10-23 14:53:34 - src.database_manager - ERROR - Database connection error: [Errno 2] No such file or directory: '/app/data/citations.db'
2025-10-23 14:53:34 - src.database_manager - ERROR - Failed to get database stats: [Errno 2] No such file or directory: '/app/data/citations.db'
2025-10-23 14:53:34 - src.app_final_vue - INFO - [RESPONSE #3061] GET vue_api.health_check -> 200 (444 chars)
2025-10-23 14:53:37 - src.memory_monitor - INFO - Memory usage: 114.6MB (0.7%)
2025-10-23 14:54:04 - src.database_manager - ERROR - Database connection error: [Errno 2] No such file or directory: '/app/data/citations.db'
2025-10-23 14:54:04 - src.database_manager - ERROR - Failed to get database stats: [Errno 2] No such file or directory: '/app/data/citations.db'
2025-10-23 14:54:04 - src.app_final_vue - INFO - [RESPONSE #3062] GET vue_api.health_check -> 200 (444 chars)
2025-10-23 14:54:35 - src.database_manager - ERROR - Database connection error: [Errno 2] No such file or directory: '/app/data/citations.db'
2025-10-23 14:54:35 - src.database_manager - ERROR - Failed to get database stats: [Errno 2] No such file or directory: '/app/data/citations.db'
2025-10-23 14:54:35 - src.app_final_vue - INFO - [RESPONSE #3063] GET vue_api.health_check -> 200 (444 chars)
2025-10-23 14:54:37 - src.memory_monitor - INFO - Memory usage: 114.6MB (0.7%)
2025-10-23 14:55:05 - src.database_manager - ERROR - Database connection error: [Errno 2] No such file or directory: '/app/data/citations.db'
2025-10-23 14:55:05 - src.database_manager - ERROR - Failed to get database stats: [Errno 2] No such file or directory: '/app/data/citations.db'
2025-10-23 14:55:05 - src.app_final_vue - INFO - [RESPONSE #3064] GET vue_api.health_check -> 200 (444 chars)
2025-10-23 14:55:35 - src.database_manager - ERROR - Database connection error: [Errno 2] No such file or directory: '/app/data/citations.db'
2025-10-23 14:55:35 - src.database_manager - ERROR - Failed to get database stats: [Errno 2] No such file or directory: '/app/data/citations.db'
2025-10-23 14:55:35 - src.app_final_vue - INFO - [RESPONSE #3065] GET vue_api.health_check -> 200 (444 chars)
2025-10-23 14:55:37 - src.memory_monitor - INFO - Memory usage: 114.6MB (0.7%)
2025-10-23 14:56:05 - src.database_manager - ERROR - Database connection error: [Errno 2] No such file or directory: '/app/data/citations.db'
2025-10-23 14:56:05 - src.database_manager - ERROR - Failed to get database stats: [Errno 2] No such file or directory: '/app/data/citations.db'
2025-10-23 14:56:05 - src.app_final_vue - INFO - [RESPONSE #3066] GET vue_api.health_check -> 200 (444 chars)
2025-10-23 14:56:35 - src.database_manager - ERROR - Database connection error: [Errno 2] No such file or directory: '/app/data/citations.db'
2025-10-23 14:56:35 - src.database_manager - ERROR - Failed to get database stats: [Errno 2] No such file or directory: '/app/data/citations.db'
2025-10-23 14:56:35 - src.app_final_vue - INFO - [RESPONSE #3067] GET vue_api.health_check -> 200 (444 chars)
2025-10-23 14:56:37 - src.memory_monitor - INFO - Memory usage: 114.6MB (0.7%)
2025-10-23 14:57:05 - src.database_manager - ERROR - Database connection error: [Errno 2] No such file or directory: '/app/data/citations.db'
2025-10-23 14:57:05 - src.database_manager - ERROR - Failed to get database stats: [Errno 2] No such file or directory: '/app/data/citations.db'
2025-10-23 14:57:05 - src.app_final_vue - INFO - [RESPONSE #3068] GET vue_api.health_check -> 200 (444 chars)
2025-10-23 14:57:35 - src.database_manager - ERROR - Database connection error: [Errno 2] No such file or directory: '/app/data/citations.db'
2025-10-23 14:57:35 - src.database_manager - ERROR - Failed to get database stats: [Errno 2] No such file or directory: '/app/data/citations.db'
2025-10-23 14:57:35 - src.app_final_vue - INFO - [RESPONSE #3069] GET vue_api.health_check -> 200 (444 chars)
2025-10-23 14:57:37 - src.memory_monitor - INFO - Memory usage: 114.6MB (0.7%)
2025-10-23 14:58:05 - src.database_manager - ERROR - Database connection error: [Errno 2] No such file or directory: '/app/data/citations.db'
2025-10-23 14:58:05 - src.database_manager - ERROR - Failed to get database stats: [Errno 2] No such file or directory: '/app/data/citations.db'
2025-10-23 14:58:05 - src.app_final_vue - INFO - [RESPONSE #3070] GET vue_api.health_check -> 200 (444 chars)
2025-10-23 14:58:36 - src.database_manager - ERROR - Database connection error: [Errno 2] No such file or directory: '/app/data/citations.db'
2025-10-23 14:58:36 - src.database_manager - ERROR - Failed to get database stats: [Errno 2] No such file or directory: '/app/data/citations.db'
2025-10-23 14:58:36 - src.app_final_vue - INFO - [RESPONSE #3071] GET vue_api.health_check -> 200 (444 chars)
2025-10-23 14:58:37 - src.memory_monitor - INFO - Memory usage: 114.6MB (0.7%)
2025-10-23 14:59:06 - src.database_manager - ERROR - Database connection error: [Errno 2] No such file or directory: '/app/data/citations.db'
2025-10-23 14:59:06 - src.database_manager - ERROR - Failed to get database stats: [Errno 2] No such file or directory: '/app/data/citations.db'
2025-10-23 14:59:06 - src.app_final_vue - INFO - [RESPONSE #3072] GET vue_api.health_check -> 200 (444 chars)
2025-10-23 14:59:36 - src.database_manager - ERROR - Database connection error: [Errno 2] No such file or directory: '/app/data/citations.db'
2025-10-23 14:59:36 - src.database_manager - ERROR - Failed to get database stats: [Errno 2] No such file or directory: '/app/data/citations.db'
2025-10-23 14:59:36 - src.app_final_vue - INFO - [RESPONSE #3073] GET vue_api.health_check -> 200 (444 chars)
2025-10-23 14:59:38 - src.memory_monitor - INFO - Memory usage: 114.6MB (0.7%)
2025-10-23 15:00:06 - src.database_manager - ERROR - Database connection error: [Errno 2] No such file or directory: '/app/data/citations.db'
2025-10-23 15:00:06 - src.database_manager - ERROR - Failed to get database stats: [Errno 2] No such file or directory: '/app/data/citations.db'
2025-10-23 15:00:06 - src.app_final_vue - INFO - [RESPONSE #3074] GET vue_api.health_check -> 200 (444 chars)
2025-10-23 15:00:36 - src.database_manager - ERROR - Database connection error: [Errno 2] No such file or directory: '/app/data/citations.db'
2025-10-23 15:00:36 - src.database_manager - ERROR - Failed to get database stats: [Errno 2] No such file or directory: '/app/data/citations.db'
2025-10-23 15:00:36 - src.app_final_vue - INFO - [RESPONSE #3075] GET vue_api.health_check -> 200 (444 chars)
2025-10-23 15:00:38 - src.memory_monitor - INFO - Memory usage: 114.6MB (0.7%)
2025-10-23 15:01:06 - src.database_manager - ERROR - Database connection error: [Errno 2] No such file or directory: '/app/data/citations.db'
2025-10-23 15:01:06 - src.database_manager - ERROR - Failed to get database stats: [Errno 2] No such file or directory: '/app/data/citations.db'
2025-10-23 15:01:06 - src.app_final_vue - INFO - [RESPONSE #3076] GET vue_api.health_check -> 200 (444 chars)
2025-10-23 15:01:36 - src.database_manager - ERROR - Database connection error: [Errno 2] No such file or directory: '/app/data/citations.db'
2025-10-23 15:01:36 - src.database_manager - ERROR - Failed to get database stats: [Errno 2] No such file or directory: '/app/data/citations.db'
2025-10-23 15:01:36 - src.app_final_vue - INFO - [RESPONSE #3077] GET vue_api.health_check -> 200 (444 chars)
2025-10-23 15:01:38 - src.memory_monitor - INFO - Memory usage: 114.6MB (0.7%)
2025-10-23 15:02:06 - src.database_manager - ERROR - Database connection error: [Errno 2] No such file or directory: '/app/data/citations.db'
2025-10-23 15:02:06 - src.database_manager - ERROR - Failed to get database stats: [Errno 2] No such file or directory: '/app/data/citations.db'
2025-10-23 15:02:06 - src.app_final_vue - INFO - [RESPONSE #3078] GET vue_api.health_check -> 200 (444 chars)
2025-10-23 15:02:37 - src.database_manager - ERROR - Database connection error: [Errno 2] No such file or directory: '/app/data/citations.db'
2025-10-23 15:02:37 - src.database_manager - ERROR - Failed to get database stats: [Errno 2] No such file or directory: '/app/data/citations.db'
2025-10-23 15:02:37 - src.app_final_vue - INFO - [RESPONSE #3079] GET vue_api.health_check -> 200 (444 chars)
2025-10-23 15:02:38 - src.memory_monitor - INFO - Memory usage: 114.6MB (0.7%)
2025-10-23 15:03:07 - src.database_manager - ERROR - Database connection error: [Errno 2] No such file or directory: '/app/data/citations.db'
2025-10-23 15:03:07 - src.database_manager - ERROR - Failed to get database stats: [Errno 2] No such file or directory: '/app/data/citations.db'
2025-10-23 15:03:07 - src.app_final_vue - INFO - [RESPONSE #3080] GET vue_api.health_check -> 200 (444 chars)
2025-10-23 15:03:37 - src.database_manager - ERROR - Database connection error: [Errno 2] No such file or directory: '/app/data/citations.db'
2025-10-23 15:03:37 - src.database_manager - ERROR - Failed to get database stats: [Errno 2] No such file or directory: '/app/data/citations.db'
2025-10-23 15:03:37 - src.app_final_vue - INFO - [RESPONSE #3081] GET vue_api.health_check -> 200 (444 chars)
2025-10-23 15:03:38 - src.memory_monitor - INFO - Memory usage: 114.6MB (0.7%)
2025-10-23 15:04:07 - src.database_manager - ERROR - Database connection error: [Errno 2] No such file or directory: '/app/data/citations.db'
2025-10-23 15:04:07 - src.database_manager - ERROR - Failed to get database stats: [Errno 2] No such file or directory: '/app/data/citations.db'
2025-10-23 15:04:07 - src.app_final_vue - INFO - [RESPONSE #3082] GET vue_api.health_check -> 200 (444 chars)
2025-10-23 15:04:37 - src.database_manager - ERROR - Database connection error: [Errno 2] No such file or directory: '/app/data/citations.db'
2025-10-23 15:04:37 - src.database_manager - ERROR - Failed to get database stats: [Errno 2] No such file or directory: '/app/data/citations.db'
2025-10-23 15:04:37 - src.app_final_vue - INFO - [RESPONSE #3083] GET vue_api.health_check -> 200 (444 chars)
2025-10-23 15:04:38 - src.memory_monitor - INFO - Memory usage: 114.6MB (0.7%)
2025-10-23 15:05:07 - src.database_manager - ERROR - Database connection error: [Errno 2] No such file or directory: '/app/data/citations.db'
2025-10-23 15:05:07 - src.database_manager - ERROR - Failed to get database stats: [Errno 2] No such file or directory: '/app/data/citations.db'
2025-10-23 15:05:07 - src.app_final_vue - INFO - [RESPONSE #3084] GET vue_api.health_check -> 200 (444 chars)
2025-10-23 15:05:37 - src.database_manager - ERROR - Database connection error: [Errno 2] No such file or directory: '/app/data/citations.db'
2025-10-23 15:05:37 - src.database_manager - ERROR - Failed to get database stats: [Errno 2] No such file or directory: '/app/data/citations.db'
2025-10-23 15:05:37 - src.app_final_vue - INFO - [RESPONSE #3085] GET vue_api.health_check -> 200 (444 chars)
2025-10-23 15:05:38 - src.memory_monitor - INFO - Memory usage: 114.6MB (0.7%)
2025-10-23 15:06:07 - src.database_manager - ERROR - Database connection error: [Errno 2] No such file or directory: '/app/data/citations.db'
2025-10-23 15:06:07 - src.database_manager - ERROR - Failed to get database stats: [Errno 2] No such file or directory: '/app/data/citations.db'
2025-10-23 15:06:07 - src.app_final_vue - INFO - [RESPONSE #3086] GET vue_api.health_check -> 200 (444 chars)
2025-10-23 15:06:37 - src.database_manager - ERROR - Database connection error: [Errno 2] No such file or directory: '/app/data/citations.db'
2025-10-23 15:06:37 - src.database_manager - ERROR - Failed to get database stats: [Errno 2] No such file or directory: '/app/data/citations.db'
2025-10-23 15:06:37 - src.app_final_vue - INFO - [RESPONSE #3087] GET vue_api.health_check -> 200 (444 chars)
2025-10-23 15:06:38 - src.memory_monitor - INFO - Memory usage: 114.6MB (0.7%)
2025-10-23 15:07:08 - src.database_manager - ERROR - Database connection error: [Errno 2] No such file or directory: '/app/data/citations.db'
2025-10-23 15:07:08 - src.database_manager - ERROR - Failed to get database stats: [Errno 2] No such file or directory: '/app/data/citations.db'
2025-10-23 15:07:08 - src.app_final_vue - INFO - [RESPONSE #3088] GET vue_api.health_check -> 200 (444 chars)
2025-10-23 15:07:38 - src.database_manager - ERROR - Database connection error: [Errno 2] No such file or directory: '/app/data/citations.db'
2025-10-23 15:07:38 - src.database_manager - ERROR - Failed to get database stats: [Errno 2] No such file or directory: '/app/data/citations.db'
2025-10-23 15:07:38 - src.app_final_vue - INFO - [RESPONSE #3089] GET vue_api.health_check -> 200 (444 chars)
2025-10-23 15:07:38 - src.memory_monitor - INFO - Memory usage: 114.6MB (0.7%)
2025-10-23 15:08:08 - src.database_manager - ERROR - Database connection error: [Errno 2] No such file or directory: '/app/data/citations.db'
2025-10-23 15:08:08 - src.database_manager - ERROR - Failed to get database stats: [Errno 2] No such file or directory: '/app/data/citations.db'
2025-10-23 15:08:08 - src.app_final_vue - INFO - [RESPONSE #3090] GET vue_api.health_check -> 200 (444 chars)
2025-10-23 15:08:38 - src.memory_monitor - INFO - Memory usage: 114.6MB (0.7%)
2025-10-23 15:08:38 - src.database_manager - ERROR - Database connection error: [Errno 2] No such file or directory: '/app/data/citations.db'
2025-10-23 15:08:38 - src.database_manager - ERROR - Failed to get database stats: [Errno 2] No such file or directory: '/app/data/citations.db'
2025-10-23 15:08:38 - src.app_final_vue - INFO - [RESPONSE #3091] GET vue_api.health_check -> 200 (444 chars)
2025-10-23 15:09:08 - src.database_manager - ERROR - Database connection error: [Errno 2] No such file or directory: '/app/data/citations.db'
2025-10-23 15:09:08 - src.database_manager - ERROR - Failed to get database stats: [Errno 2] No such file or directory: '/app/data/citations.db'
2025-10-23 15:09:08 - src.app_final_vue - INFO - [RESPONSE #3092] GET vue_api.health_check -> 200 (444 chars)
2025-10-23 15:09:38 - src.memory_monitor - INFO - Memory usage: 114.6MB (0.7%)
2025-10-23 15:09:38 - src.database_manager - ERROR - Database connection error: [Errno 2] No such file or directory: '/app/data/citations.db'
2025-10-23 15:09:38 - src.database_manager - ERROR - Failed to get database stats: [Errno 2] No such file or directory: '/app/data/citations.db'
2025-10-23 15:09:38 - src.app_final_vue - INFO - [RESPONSE #3093] GET vue_api.health_check -> 200 (444 chars)
2025-10-23 15:10:08 - src.database_manager - ERROR - Database connection error: [Errno 2] No such file or directory: '/app/data/citations.db'
2025-10-23 15:10:08 - src.database_manager - ERROR - Failed to get database stats: [Errno 2] No such file or directory: '/app/data/citations.db'
2025-10-23 15:10:08 - src.app_final_vue - INFO - [RESPONSE #3094] GET vue_api.health_check -> 200 (444 chars)
2025-10-23 15:10:38 - src.memory_monitor - INFO - Memory usage: 114.6MB (0.7%)
2025-10-23 15:10:39 - src.database_manager - ERROR - Database connection error: [Errno 2] No such file or directory: '/app/data/citations.db'
2025-10-23 15:10:39 - src.database_manager - ERROR - Failed to get database stats: [Errno 2] No such file or directory: '/app/data/citations.db'
2025-10-23 15:10:39 - src.app_final_vue - INFO - [RESPONSE #3095] GET vue_api.health_check -> 200 (444 chars)
2025-10-23 15:11:09 - src.database_manager - ERROR - Database connection error: [Errno 2] No such file or directory: '/app/data/citations.db'
2025-10-23 15:11:09 - src.database_manager - ERROR - Failed to get database stats: [Errno 2] No such file or directory: '/app/data/citations.db'
2025-10-23 15:11:09 - src.app_final_vue - INFO - [RESPONSE #3096] GET vue_api.health_check -> 200 (444 chars)
2025-10-23 15:11:38 - src.memory_monitor - INFO - Memory usage: 114.6MB (0.7%)
2025-10-23 15:11:39 - src.database_manager - ERROR - Database connection error: [Errno 2] No such file or directory: '/app/data/citations.db'
2025-10-23 15:11:39 - src.database_manager - ERROR - Failed to get database stats: [Errno 2] No such file or directory: '/app/data/citations.db'
2025-10-23 15:11:39 - src.app_final_vue - INFO - [RESPONSE #3097] GET vue_api.health_check -> 200 (444 chars)
2025-10-23 15:12:09 - src.database_manager - ERROR - Database connection error: [Errno 2] No such file or directory: '/app/data/citations.db'
2025-10-23 15:12:09 - src.database_manager - ERROR - Failed to get database stats: [Errno 2] No such file or directory: '/app/data/citations.db'
2025-10-23 15:12:09 - src.app_final_vue - INFO - [RESPONSE #3098] GET vue_api.health_check -> 200 (444 chars)
2025-10-23 15:12:38 - src.memory_monitor - INFO - Memory usage: 114.6MB (0.7%)
2025-10-23 15:12:39 - src.database_manager - ERROR - Database connection error: [Errno 2] No such file or directory: '/app/data/citations.db'
2025-10-23 15:12:39 - src.database_manager - ERROR - Failed to get database stats: [Errno 2] No such file or directory: '/app/data/citations.db'
2025-10-23 15:12:39 - src.app_final_vue - INFO - [RESPONSE #3099] GET vue_api.health_check -> 200 (444 chars)
2025-10-23 15:13:09 - src.database_manager - ERROR - Database connection error: [Errno 2] No such file or directory: '/app/data/citations.db'
2025-10-23 15:13:09 - src.database_manager - ERROR - Failed to get database stats: [Errno 2] No such file or directory: '/app/data/citations.db'
2025-10-23 15:13:09 - src.app_final_vue - INFO - [RESPONSE #3100] GET vue_api.health_check -> 200 (444 chars)
2025-10-23 15:13:38 - src.memory_monitor - INFO - Memory usage: 114.6MB (0.7%)
2025-10-23 15:13:39 - src.database_manager - ERROR - Database connection error: [Errno 2] No such file or directory: '/app/data/citations.db'
2025-10-23 15:13:39 - src.database_manager - ERROR - Failed to get database stats: [Errno 2] No such file or directory: '/app/data/citations.db'
2025-10-23 15:13:39 - src.app_final_vue - INFO - [RESPONSE #3101] GET vue_api.health_check -> 200 (444 chars)
2025-10-23 15:14:09 - src.database_manager - ERROR - Database connection error: [Errno 2] No such file or directory: '/app/data/citations.db'
2025-10-23 15:14:09 - src.database_manager - ERROR - Failed to get database stats: [Errno 2] No such file or directory: '/app/data/citations.db'
2025-10-23 15:14:09 - src.app_final_vue - INFO - [RESPONSE #3102] GET vue_api.health_check -> 200 (444 chars)
2025-10-23 15:14:38 - src.memory_monitor - INFO - Memory usage: 114.6MB (0.7%)
2025-10-23 15:14:40 - src.database_manager - ERROR - Database connection error: [Errno 2] No such file or directory: '/app/data/citations.db'
2025-10-23 15:14:40 - src.database_manager - ERROR - Failed to get database stats: [Errno 2] No such file or directory: '/app/data/citations.db'
2025-10-23 15:14:40 - src.app_final_vue - INFO - [RESPONSE #3103] GET vue_api.health_check -> 200 (444 chars)
2025-10-23 15:15:10 - src.database_manager - ERROR - Database connection error: [Errno 2] No such file or directory: '/app/data/citations.db'
2025-10-23 15:15:10 - src.database_manager - ERROR - Failed to get database stats: [Errno 2] No such file or directory: '/app/data/citations.db'
2025-10-23 15:15:10 - src.app_final_vue - INFO - [RESPONSE #3104] GET vue_api.health_check -> 200 (444 chars)
2025-10-23 15:15:38 - src.memory_monitor - INFO - Memory usage: 114.6MB (0.7%)
2025-10-23 15:15:40 - src.database_manager - ERROR - Database connection error: [Errno 2] No such file or directory: '/app/data/citations.db'
2025-10-23 15:15:40 - src.database_manager - ERROR - Failed to get database stats: [Errno 2] No such file or directory: '/app/data/citations.db'
2025-10-23 15:15:40 - src.app_final_vue - INFO - [RESPONSE #3105] GET vue_api.health_check -> 200 (444 chars)
2025-10-23 15:16:10 - src.database_manager - ERROR - Database connection error: [Errno 2] No such file or directory: '/app/data/citations.db'
2025-10-23 15:16:10 - src.database_manager - ERROR - Failed to get database stats: [Errno 2] No such file or directory: '/app/data/citations.db'
2025-10-23 15:16:10 - src.app_final_vue - INFO - [RESPONSE #3106] GET vue_api.health_check -> 200 (444 chars)
2025-10-23 15:16:38 - src.memory_monitor - INFO - Memory usage: 114.6MB (0.7%)
2025-10-23 15:16:40 - src.database_manager - ERROR - Database connection error: [Errno 2] No such file or directory: '/app/data/citations.db'
2025-10-23 15:16:40 - src.database_manager - ERROR - Failed to get database stats: [Errno 2] No such file or directory: '/app/data/citations.db'
2025-10-23 15:16:40 - src.app_final_vue - INFO - [RESPONSE #3107] GET vue_api.health_check -> 200 (444 chars)
2025-10-23 15:17:10 - src.database_manager - ERROR - Database connection error: [Errno 2] No such file or directory: '/app/data/citations.db'
2025-10-23 15:17:10 - src.database_manager - ERROR - Failed to get database stats: [Errno 2] No such file or directory: '/app/data/citations.db'
2025-10-23 15:17:10 - src.app_final_vue - INFO - [RESPONSE #3108] GET vue_api.health_check -> 200 (444 chars)
2025-10-23 15:17:38 - src.memory_monitor - INFO - Memory usage: 114.6MB (0.7%)
2025-10-23 15:17:40 - src.database_manager - ERROR - Database connection error: [Errno 2] No such file or directory: '/app/data/citations.db'
2025-10-23 15:17:40 - src.database_manager - ERROR - Failed to get database stats: [Errno 2] No such file or directory: '/app/data/citations.db'
2025-10-23 15:17:40 - src.app_final_vue - INFO - [RESPONSE #3109] GET vue_api.health_check -> 200 (444 chars)
2025-10-23 15:18:10 - src.database_manager - ERROR - Database connection error: [Errno 2] No such file or directory: '/app/data/citations.db'
2025-10-23 15:18:10 - src.database_manager - ERROR - Failed to get database stats: [Errno 2] No such file or directory: '/app/data/citations.db'
2025-10-23 15:18:10 - src.app_final_vue - INFO - [RESPONSE #3110] GET vue_api.health_check -> 200 (444 chars)
2025-10-23 15:18:38 - src.memory_monitor - INFO - Memory usage: 114.6MB (0.7%)
2025-10-23 15:18:41 - src.database_manager - ERROR - Database connection error: [Errno 2] No such file or directory: '/app/data/citations.db'
2025-10-23 15:18:41 - src.database_manager - ERROR - Failed to get database stats: [Errno 2] No such file or directory: '/app/data/citations.db'
2025-10-23 15:18:41 - src.app_final_vue - INFO - [RESPONSE #3111] GET vue_api.health_check -> 200 (444 chars)
2025-10-23 15:19:11 - src.database_manager - ERROR - Database connection error: [Errno 2] No such file or directory: '/app/data/citations.db'
2025-10-23 15:19:11 - src.database_manager - ERROR - Failed to get database stats: [Errno 2] No such file or directory: '/app/data/citations.db'
2025-10-23 15:19:11 - src.app_final_vue - INFO - [RESPONSE #3112] GET vue_api.health_check -> 200 (444 chars)
2025-10-23 15:19:38 - src.memory_monitor - INFO - Memory usage: 114.6MB (0.7%)
2025-10-23 15:19:41 - src.database_manager - ERROR - Database connection error: [Errno 2] No such file or directory: '/app/data/citations.db'
2025-10-23 15:19:41 - src.database_manager - ERROR - Failed to get database stats: [Errno 2] No such file or directory: '/app/data/citations.db'
2025-10-23 15:19:41 - src.app_final_vue - INFO - [RESPONSE #3113] GET vue_api.health_check -> 200 (444 chars)
2025-10-23 15:20:11 - src.database_manager - ERROR - Database connection error: [Errno 2] No such file or directory: '/app/data/citations.db'
2025-10-23 15:20:11 - src.database_manager - ERROR - Failed to get database stats: [Errno 2] No such file or directory: '/app/data/citations.db'
2025-10-23 15:20:11 - src.app_final_vue - INFO - [RESPONSE #3114] GET vue_api.health_check -> 200 (444 chars)
2025-10-23 15:20:38 - src.memory_monitor - INFO - Memory usage: 114.6MB (0.7%)
2025-10-23 15:20:41 - src.database_manager - ERROR - Database connection error: [Errno 2] No such file or directory: '/app/data/citations.db'
2025-10-23 15:20:41 - src.database_manager - ERROR - Failed to get database stats: [Errno 2] No such file or directory: '/app/data/citations.db'
2025-10-23 15:20:41 - src.app_final_vue - INFO - [RESPONSE #3115] GET vue_api.health_check -> 200 (444 chars)
2025-10-23 15:21:11 - src.database_manager - ERROR - Database connection error: [Errno 2] No such file or directory: '/app/data/citations.db'
2025-10-23 15:21:11 - src.database_manager - ERROR - Failed to get database stats: [Errno 2] No such file or directory: '/app/data/citations.db'
2025-10-23 15:21:11 - src.app_final_vue - INFO - [RESPONSE #3116] GET vue_api.health_check -> 200 (444 chars)
2025-10-23 15:21:39 - src.memory_monitor - INFO - Memory usage: 114.6MB (0.7%)
2025-10-23 15:21:41 - src.database_manager - ERROR - Database connection error: [Errno 2] No such file or directory: '/app/data/citations.db'
2025-10-23 15:21:41 - src.database_manager - ERROR - Failed to get database stats: [Errno 2] No such file or directory: '/app/data/citations.db'
2025-10-23 15:21:41 - src.app_final_vue - INFO - [RESPONSE #3117] GET vue_api.health_check -> 200 (444 chars)
2025-10-23 15:22:11 - src.database_manager - ERROR - Database connection error: [Errno 2] No such file or directory: '/app/data/citations.db'
2025-10-23 15:22:11 - src.database_manager - ERROR - Failed to get database stats: [Errno 2] No such file or directory: '/app/data/citations.db'
2025-10-23 15:22:11 - src.app_final_vue - INFO - [RESPONSE #3118] GET vue_api.health_check -> 200 (444 chars)
2025-10-23 15:22:39 - src.memory_monitor - INFO - Memory usage: 114.6MB (0.7%)
2025-10-23 15:22:42 - src.database_manager - ERROR - Database connection error: [Errno 2] No such file or directory: '/app/data/citations.db'
2025-10-23 15:22:42 - src.database_manager - ERROR - Failed to get database stats: [Errno 2] No such file or directory: '/app/data/citations.db'
2025-10-23 15:22:42 - src.app_final_vue - INFO - [RESPONSE #3119] GET vue_api.health_check -> 200 (444 chars)
2025-10-23 15:23:12 - src.database_manager - ERROR - Database connection error: [Errno 2] No such file or directory: '/app/data/citations.db'
2025-10-23 15:23:12 - src.database_manager - ERROR - Failed to get database stats: [Errno 2] No such file or directory: '/app/data/citations.db'
2025-10-23 15:23:12 - src.app_final_vue - INFO - [RESPONSE #3120] GET vue_api.health_check -> 200 (444 chars)
2025-10-23 15:23:39 - src.memory_monitor - INFO - Memory usage: 114.6MB (0.7%)
2025-10-23 15:23:42 - src.database_manager - ERROR - Database connection error: [Errno 2] No such file or directory: '/app/data/citations.db'
2025-10-23 15:23:42 - src.database_manager - ERROR - Failed to get database stats: [Errno 2] No such file or directory: '/app/data/citations.db'
2025-10-23 15:23:42 - src.app_final_vue - INFO - [RESPONSE #3121] GET vue_api.health_check -> 200 (444 chars)
2025-10-23 15:24:12 - src.database_manager - ERROR - Database connection error: [Errno 2] No such file or directory: '/app/data/citations.db'
2025-10-23 15:24:12 - src.database_manager - ERROR - Failed to get database stats: [Errno 2] No such file or directory: '/app/data/citations.db'
2025-10-23 15:24:12 - src.app_final_vue - INFO - [RESPONSE #3122] GET vue_api.health_check -> 200 (444 chars)
2025-10-23 15:24:39 - src.memory_monitor - INFO - Memory usage: 114.6MB (0.7%)
2025-10-23 15:24:42 - src.database_manager - ERROR - Database connection error: [Errno 2] No such file or directory: '/app/data/citations.db'
2025-10-23 15:24:42 - src.database_manager - ERROR - Failed to get database stats: [Errno 2] No such file or directory: '/app/data/citations.db'
2025-10-23 15:24:42 - src.app_final_vue - INFO - [RESPONSE #3123] GET vue_api.health_check -> 200 (444 chars)
2025-10-23 15:25:12 - src.database_manager - ERROR - Database connection error: [Errno 2] No such file or directory: '/app/data/citations.db'
2025-10-23 15:25:12 - src.database_manager - ERROR - Failed to get database stats: [Errno 2] No such file or directory: '/app/data/citations.db'
2025-10-23 15:25:12 - src.app_final_vue - INFO - [RESPONSE #3124] GET vue_api.health_check -> 200 (444 chars)
2025-10-23 15:25:39 - src.memory_monitor - INFO - Memory usage: 114.6MB (0.7%)
2025-10-23 15:25:42 - src.database_manager - ERROR - Database connection error: [Errno 2] No such file or directory: '/app/data/citations.db'
2025-10-23 15:25:42 - src.database_manager - ERROR - Failed to get database stats: [Errno 2] No such file or directory: '/app/data/citations.db'
2025-10-23 15:25:42 - src.app_final_vue - INFO - [RESPONSE #3125] GET vue_api.health_check -> 200 (444 chars)
2025-10-23 15:26:12 - src.database_manager - ERROR - Database connection error: [Errno 2] No such file or directory: '/app/data/citations.db'
2025-10-23 15:26:12 - src.database_manager - ERROR - Failed to get database stats: [Errno 2] No such file or directory: '/app/data/citations.db'
2025-10-23 15:26:12 - src.app_final_vue - INFO - [RESPONSE #3126] GET vue_api.health_check -> 200 (444 chars)
2025-10-23 15:26:39 - src.memory_monitor - INFO - Memory usage: 114.6MB (0.7%)
2025-10-23 15:26:43 - src.database_manager - ERROR - Database connection error: [Errno 2] No such file or directory: '/app/data/citations.db'
2025-10-23 15:26:43 - src.database_manager - ERROR - Failed to get database stats: [Errno 2] No such file or directory: '/app/data/citations.db'
2025-10-23 15:26:43 - src.app_final_vue - INFO - [RESPONSE #3127] GET vue_api.health_check -> 200 (444 chars)
2025-10-23 15:27:13 - src.database_manager - ERROR - Database connection error: [Errno 2] No such file or directory: '/app/data/citations.db'
2025-10-23 15:27:13 - src.database_manager - ERROR - Failed to get database stats: [Errno 2] No such file or directory: '/app/data/citations.db'
2025-10-23 15:27:13 - src.app_final_vue - INFO - [RESPONSE #3128] GET vue_api.health_check -> 200 (444 chars)
2025-10-23 15:27:39 - src.memory_monitor - INFO - Memory usage: 114.6MB (0.7%)
2025-10-23 15:27:43 - src.database_manager - ERROR - Database connection error: [Errno 2] No such file or directory: '/app/data/citations.db'
2025-10-23 15:27:43 - src.database_manager - ERROR - Failed to get database stats: [Errno 2] No such file or directory: '/app/data/citations.db'
2025-10-23 15:27:43 - src.app_final_vue - INFO - [RESPONSE #3129] GET vue_api.health_check -> 200 (444 chars)
2025-10-23 15:28:13 - src.database_manager - ERROR - Database connection error: [Errno 2] No such file or directory: '/app/data/citations.db'
2025-10-23 15:28:13 - src.database_manager - ERROR - Failed to get database stats: [Errno 2] No such file or directory: '/app/data/citations.db'
2025-10-23 15:28:13 - src.app_final_vue - INFO - [RESPONSE #3130] GET vue_api.health_check -> 200 (444 chars)
2025-10-23 15:28:39 - src.memory_monitor - INFO - Memory usage: 114.6MB (0.7%)
2025-10-23 15:28:43 - src.database_manager - ERROR - Database connection error: [Errno 2] No such file or directory: '/app/data/citations.db'
2025-10-23 15:28:43 - src.database_manager - ERROR - Failed to get database stats: [Errno 2] No such file or directory: '/app/data/citations.db'
2025-10-23 15:28:43 - src.app_final_vue - INFO - [RESPONSE #3131] GET vue_api.health_check -> 200 (444 chars)
2025-10-23 15:29:13 - src.database_manager - ERROR - Database connection error: [Errno 2] No such file or directory: '/app/data/citations.db'
2025-10-23 15:29:13 - src.database_manager - ERROR - Failed to get database stats: [Errno 2] No such file or directory: '/app/data/citations.db'
2025-10-23 15:29:13 - src.app_final_vue - INFO - [RESPONSE #3132] GET vue_api.health_check -> 200 (444 chars)
2025-10-23 15:29:39 - src.memory_monitor - INFO - Memory usage: 114.6MB (0.7%)
2025-10-23 15:29:43 - src.database_manager - ERROR - Database connection error: [Errno 2] No such file or directory: '/app/data/citations.db'
2025-10-23 15:29:43 - src.database_manager - ERROR - Failed to get database stats: [Errno 2] No such file or directory: '/app/data/citations.db'
2025-10-23 15:29:43 - src.app_final_vue - INFO - [RESPONSE #3133] GET vue_api.health_check -> 200 (444 chars)
2025-10-23 15:30:13 - src.database_manager - ERROR - Database connection error: [Errno 2] No such file or directory: '/app/data/citations.db'
2025-10-23 15:30:13 - src.database_manager - ERROR - Failed to get database stats: [Errno 2] No such file or directory: '/app/data/citations.db'
2025-10-23 15:30:13 - src.app_final_vue - INFO - [RESPONSE #3134] GET vue_api.health_check -> 200 (444 chars)
2025-10-23 15:30:39 - src.memory_monitor - INFO - Memory usage: 114.6MB (0.7%)
2025-10-23 15:30:44 - src.database_manager - ERROR - Database connection error: [Errno 2] No such file or directory: '/app/data/citations.db'
2025-10-23 15:30:44 - src.database_manager - ERROR - Failed to get database stats: [Errno 2] No such file or directory: '/app/data/citations.db'
2025-10-23 15:30:44 - src.app_final_vue - INFO - [RESPONSE #3135] GET vue_api.health_check -> 200 (444 chars)
2025-10-23 15:31:14 - src.database_manager - ERROR - Database connection error: [Errno 2] No such file or directory: '/app/data/citations.db'
2025-10-23 15:31:14 - src.database_manager - ERROR - Failed to get database stats: [Errno 2] No such file or directory: '/app/data/citations.db'
2025-10-23 15:31:14 - src.app_final_vue - INFO - [RESPONSE #3136] GET vue_api.health_check -> 200 (444 chars)
2025-10-23 15:31:39 - src.memory_monitor - INFO - Memory usage: 114.6MB (0.7%)
2025-10-23 15:31:44 - src.database_manager - ERROR - Database connection error: [Errno 2] No such file or directory: '/app/data/citations.db'
2025-10-23 15:31:44 - src.database_manager - ERROR - Failed to get database stats: [Errno 2] No such file or directory: '/app/data/citations.db'
2025-10-23 15:31:44 - src.app_final_vue - INFO - [RESPONSE #3137] GET vue_api.health_check -> 200 (444 chars)
2025-10-23 15:32:14 - src.database_manager - ERROR - Database connection error: [Errno 2] No such file or directory: '/app/data/citations.db'
2025-10-23 15:32:14 - src.database_manager - ERROR - Failed to get database stats: [Errno 2] No such file or directory: '/app/data/citations.db'
2025-10-23 15:32:14 - src.app_final_vue - INFO - [RESPONSE #3138] GET vue_api.health_check -> 200 (444 chars)
2025-10-23 15:32:39 - src.memory_monitor - INFO - Memory usage: 114.6MB (0.7%)
2025-10-23 15:32:44 - src.database_manager - ERROR - Database connection error: [Errno 2] No such file or directory: '/app/data/citations.db'
2025-10-23 15:32:44 - src.database_manager - ERROR - Failed to get database stats: [Errno 2] No such file or directory: '/app/data/citations.db'
2025-10-23 15:32:44 - src.app_final_vue - INFO - [RESPONSE #3139] GET vue_api.health_check -> 200 (444 chars)
2025-10-23 15:33:14 - src.database_manager - ERROR - Database connection error: [Errno 2] No such file or directory: '/app/data/citations.db'
2025-10-23 15:33:14 - src.database_manager - ERROR - Failed to get database stats: [Errno 2] No such file or directory: '/app/data/citations.db'
2025-10-23 15:33:14 - src.app_final_vue - INFO - [RESPONSE #3140] GET vue_api.health_check -> 200 (444 chars)
2025-10-23 15:33:39 - src.memory_monitor - INFO - Memory usage: 114.6MB (0.7%)
2025-10-23 15:33:44 - src.database_manager - ERROR - Database connection error: [Errno 2] No such file or directory: '/app/data/citations.db'
2025-10-23 15:33:44 - src.database_manager - ERROR - Failed to get database stats: [Errno 2] No such file or directory: '/app/data/citations.db'
2025-10-23 15:33:44 - src.app_final_vue - INFO - [RESPONSE #3141] GET vue_api.health_check -> 200 (444 chars)
2025-10-23 15:34:14 - src.database_manager - ERROR - Database connection error: [Errno 2] No such file or directory: '/app/data/citations.db'
2025-10-23 15:34:14 - src.database_manager - ERROR - Failed to get database stats: [Errno 2] No such file or directory: '/app/data/citations.db'
2025-10-23 15:34:14 - src.app_final_vue - INFO - [RESPONSE #3142] GET vue_api.health_check -> 200 (444 chars)
2025-10-23 15:34:39 - src.memory_monitor - INFO - Memory usage: 114.6MB (0.7%)
2025-10-23 15:34:45 - src.database_manager - ERROR - Database connection error: [Errno 2] No such file or directory: '/app/data/citations.db'
2025-10-23 15:34:45 - src.database_manager - ERROR - Failed to get database stats: [Errno 2] No such file or directory: '/app/data/citations.db'
2025-10-23 15:34:45 - src.app_final_vue - INFO - [RESPONSE #3143] GET vue_api.health_check -> 200 (444 chars)
2025-10-23 15:35:15 - src.database_manager - ERROR - Database connection error: [Errno 2] No such file or directory: '/app/data/citations.db'
2025-10-23 15:35:15 - src.database_manager - ERROR - Failed to get database stats: [Errno 2] No such file or directory: '/app/data/citations.db'
2025-10-23 15:35:15 - src.app_final_vue - INFO - [RESPONSE #3144] GET vue_api.health_check -> 200 (444 chars)
2025-10-23 15:35:39 - src.memory_monitor - INFO - Memory usage: 114.6MB (0.7%)
2025-10-23 15:35:45 - src.database_manager - ERROR - Database connection error: [Errno 2] No such file or directory: '/app/data/citations.db'
2025-10-23 15:35:45 - src.database_manager - ERROR - Failed to get database stats: [Errno 2] No such file or directory: '/app/data/citations.db'
2025-10-23 15:35:45 - src.app_final_vue - INFO - [RESPONSE #3145] GET vue_api.health_check -> 200 (444 chars)
2025-10-23 15:36:15 - src.database_manager - ERROR - Database connection error: [Errno 2] No such file or directory: '/app/data/citations.db'
2025-10-23 15:36:15 - src.database_manager - ERROR - Failed to get database stats: [Errno 2] No such file or directory: '/app/data/citations.db'
2025-10-23 15:36:15 - src.app_final_vue - INFO - [RESPONSE #3146] GET vue_api.health_check -> 200 (444 chars)
2025-10-23 15:36:39 - src.memory_monitor - INFO - Memory usage: 114.6MB (0.7%)
2025-10-23 15:36:45 - src.database_manager - ERROR - Database connection error: [Errno 2] No such file or directory: '/app/data/citations.db'
2025-10-23 15:36:45 - src.database_manager - ERROR - Failed to get database stats: [Errno 2] No such file or directory: '/app/data/citations.db'
2025-10-23 15:36:45 - src.app_final_vue - INFO - [RESPONSE #3147] GET vue_api.health_check -> 200 (444 chars)
2025-10-23 15:37:15 - src.database_manager - ERROR - Database connection error: [Errno 2] No such file or directory: '/app/data/citations.db'
2025-10-23 15:37:15 - src.database_manager - ERROR - Failed to get database stats: [Errno 2] No such file or directory: '/app/data/citations.db'
2025-10-23 15:37:15 - src.app_final_vue - INFO - [RESPONSE #3148] GET vue_api.health_check -> 200 (444 chars)
2025-10-23 15:37:39 - src.memory_monitor - INFO - Memory usage: 114.6MB (0.7%)
2025-10-23 15:37:45 - src.database_manager - ERROR - Database connection error: [Errno 2] No such file or directory: '/app/data/citations.db'
2025-10-23 15:37:45 - src.database_manager - ERROR - Failed to get database stats: [Errno 2] No such file or directory: '/app/data/citations.db'
2025-10-23 15:37:45 - src.app_final_vue - INFO - [RESPONSE #3149] GET vue_api.health_check -> 200 (444 chars)
2025-10-23 15:38:15 - src.database_manager - ERROR - Database connection error: [Errno 2] No such file or directory: '/app/data/citations.db'
2025-10-23 15:38:15 - src.database_manager - ERROR - Failed to get database stats: [Errno 2] No such file or directory: '/app/data/citations.db'
2025-10-23 15:38:15 - src.app_final_vue - INFO - [RESPONSE #3150] GET vue_api.health_check -> 200 (444 chars)
2025-10-23 15:38:39 - src.memory_monitor - INFO - Memory usage: 114.6MB (0.7%)
2025-10-23 15:38:46 - src.database_manager - ERROR - Database connection error: [Errno 2] No such file or directory: '/app/data/citations.db'
2025-10-23 15:38:46 - src.database_manager - ERROR - Failed to get database stats: [Errno 2] No such file or directory: '/app/data/citations.db'
2025-10-23 15:38:46 - src.app_final_vue - INFO - [RESPONSE #3151] GET vue_api.health_check -> 200 (444 chars)
2025-10-23 15:39:16 - src.database_manager - ERROR - Database connection error: [Errno 2] No such file or directory: '/app/data/citations.db'
2025-10-23 15:39:16 - src.database_manager - ERROR - Failed to get database stats: [Errno 2] No such file or directory: '/app/data/citations.db'
2025-10-23 15:39:16 - src.app_final_vue - INFO - [RESPONSE #3152] GET vue_api.health_check -> 200 (444 chars)
2025-10-23 15:39:39 - src.memory_monitor - INFO - Memory usage: 114.6MB (0.7%)
2025-10-23 15:39:46 - src.database_manager - ERROR - Database connection error: [Errno 2] No such file or directory: '/app/data/citations.db'
2025-10-23 15:39:46 - src.database_manager - ERROR - Failed to get database stats: [Errno 2] No such file or directory: '/app/data/citations.db'
2025-10-23 15:39:46 - src.app_final_vue - INFO - [RESPONSE #3153] GET vue_api.health_check -> 200 (444 chars)
2025-10-23 15:40:16 - src.database_manager - ERROR - Database connection error: [Errno 2] No such file or directory: '/app/data/citations.db'
2025-10-23 15:40:16 - src.database_manager - ERROR - Failed to get database stats: [Errno 2] No such file or directory: '/app/data/citations.db'
2025-10-23 15:40:16 - src.app_final_vue - INFO - [RESPONSE #3154] GET vue_api.health_check -> 200 (444 chars)
2025-10-23 15:40:39 - src.memory_monitor - INFO - Memory usage: 114.6MB (0.7%)
2025-10-23 15:40:46 - src.database_manager - ERROR - Database connection error: [Errno 2] No such file or directory: '/app/data/citations.db'
2025-10-23 15:40:46 - src.database_manager - ERROR - Failed to get database stats: [Errno 2] No such file or directory: '/app/data/citations.db'
2025-10-23 15:40:46 - src.app_final_vue - INFO - [RESPONSE #3155] GET vue_api.health_check -> 200 (444 chars)
2025-10-23 15:41:16 - src.database_manager - ERROR - Database connection error: [Errno 2] No such file or directory: '/app/data/citations.db'
2025-10-23 15:41:16 - src.database_manager - ERROR - Failed to get database stats: [Errno 2] No such file or directory: '/app/data/citations.db'
2025-10-23 15:41:16 - src.app_final_vue - INFO - [RESPONSE #3156] GET vue_api.health_check -> 200 (444 chars)
2025-10-23 15:41:39 - src.memory_monitor - INFO - Memory usage: 114.6MB (0.7%)
2025-10-23 15:41:46 - src.database_manager - ERROR - Database connection error: [Errno 2] No such file or directory: '/app/data/citations.db'
2025-10-23 15:41:46 - src.database_manager - ERROR - Failed to get database stats: [Errno 2] No such file or directory: '/app/data/citations.db'
2025-10-23 15:41:46 - src.app_final_vue - INFO - [RESPONSE #3157] GET vue_api.health_check -> 200 (444 chars)
2025-10-23 15:42:17 - src.database_manager - ERROR - Database connection error: [Errno 2] No such file or directory: '/app/data/citations.db'
2025-10-23 15:42:17 - src.database_manager - ERROR - Failed to get database stats: [Errno 2] No such file or directory: '/app/data/citations.db'
2025-10-23 15:42:17 - src.app_final_vue - INFO - [RESPONSE #3158] GET vue_api.health_check -> 200 (444 chars)
2025-10-23 15:42:39 - src.memory_monitor - INFO - Memory usage: 114.6MB (0.7%)
2025-10-23 15:42:47 - src.database_manager - ERROR - Database connection error: [Errno 2] No such file or directory: '/app/data/citations.db'
2025-10-23 15:42:47 - src.database_manager - ERROR - Failed to get database stats: [Errno 2] No such file or directory: '/app/data/citations.db'
2025-10-23 15:42:47 - src.app_final_vue - INFO - [RESPONSE #3159] GET vue_api.health_check -> 200 (444 chars)
2025-10-23 15:43:17 - src.database_manager - ERROR - Database connection error: [Errno 2] No such file or directory: '/app/data/citations.db'
2025-10-23 15:43:17 - src.database_manager - ERROR - Failed to get database stats: [Errno 2] No such file or directory: '/app/data/citations.db'
2025-10-23 15:43:17 - src.app_final_vue - INFO - [RESPONSE #3160] GET vue_api.health_check -> 200 (444 chars)
2025-10-23 15:43:40 - src.memory_monitor - INFO - Memory usage: 114.6MB (0.7%)
2025-10-23 15:43:47 - src.database_manager - ERROR - Database connection error: [Errno 2] No such file or directory: '/app/data/citations.db'
2025-10-23 15:43:47 - src.database_manager - ERROR - Failed to get database stats: [Errno 2] No such file or directory: '/app/data/citations.db'
2025-10-23 15:43:47 - src.app_final_vue - INFO - [RESPONSE #3161] GET vue_api.health_check -> 200 (444 chars)
2025-10-23 15:44:17 - src.database_manager - ERROR - Database connection error: [Errno 2] No such file or directory: '/app/data/citations.db'
2025-10-23 15:44:17 - src.database_manager - ERROR - Failed to get database stats: [Errno 2] No such file or directory: '/app/data/citations.db'
2025-10-23 15:44:17 - src.app_final_vue - INFO - [RESPONSE #3162] GET vue_api.health_check -> 200 (444 chars)
2025-10-23 15:44:40 - src.memory_monitor - INFO - Memory usage: 114.6MB (0.7%)
2025-10-23 15:44:47 - src.database_manager - ERROR - Database connection error: [Errno 2] No such file or directory: '/app/data/citations.db'
2025-10-23 15:44:47 - src.database_manager - ERROR - Failed to get database stats: [Errno 2] No such file or directory: '/app/data/citations.db'
2025-10-23 15:44:47 - src.app_final_vue - INFO - [RESPONSE #3163] GET vue_api.health_check -> 200 (444 chars)
2025-10-23 15:45:17 - src.database_manager - ERROR - Database connection error: [Errno 2] No such file or directory: '/app/data/citations.db'
2025-10-23 15:45:17 - src.database_manager - ERROR - Failed to get database stats: [Errno 2] No such file or directory: '/app/data/citations.db'
2025-10-23 15:45:17 - src.app_final_vue - INFO - [RESPONSE #3164] GET vue_api.health_check -> 200 (444 chars)
2025-10-23 15:45:40 - src.memory_monitor - INFO - Memory usage: 114.6MB (0.7%)
2025-10-23 15:45:47 - src.database_manager - ERROR - Database connection error: [Errno 2] No such file or directory: '/app/data/citations.db'
2025-10-23 15:45:47 - src.database_manager - ERROR - Failed to get database stats: [Errno 2] No such file or directory: '/app/data/citations.db'
2025-10-23 15:45:47 - src.app_final_vue - INFO - [RESPONSE #3165] GET vue_api.health_check -> 200 (444 chars)
2025-10-23 15:46:18 - src.database_manager - ERROR - Database connection error: [Errno 2] No such file or directory: '/app/data/citations.db'
2025-10-23 15:46:18 - src.database_manager - ERROR - Failed to get database stats: [Errno 2] No such file or directory: '/app/data/citations.db'
2025-10-23 15:46:18 - src.app_final_vue - INFO - [RESPONSE #3166] GET vue_api.health_check -> 200 (444 chars)
2025-10-23 15:46:40 - src.memory_monitor - INFO - Memory usage: 114.6MB (0.7%)
2025-10-23 15:46:48 - src.database_manager - ERROR - Database connection error: [Errno 2] No such file or directory: '/app/data/citations.db'
2025-10-23 15:46:48 - src.database_manager - ERROR - Failed to get database stats: [Errno 2] No such file or directory: '/app/data/citations.db'
2025-10-23 15:46:48 - src.app_final_vue - INFO - [RESPONSE #3167] GET vue_api.health_check -> 200 (444 chars)
2025-10-23 15:47:18 - src.database_manager - ERROR - Database connection error: [Errno 2] No such file or directory: '/app/data/citations.db'
2025-10-23 15:47:18 - src.database_manager - ERROR - Failed to get database stats: [Errno 2] No such file or directory: '/app/data/citations.db'
2025-10-23 15:47:18 - src.app_final_vue - INFO - [RESPONSE #3168] GET vue_api.health_check -> 200 (444 chars)
2025-10-23 15:47:40 - src.memory_monitor - INFO - Memory usage: 114.6MB (0.7%)
2025-10-23 15:47:48 - src.database_manager - ERROR - Database connection error: [Errno 2] No such file or directory: '/app/data/citations.db'
2025-10-23 15:47:48 - src.database_manager - ERROR - Failed to get database stats: [Errno 2] No such file or directory: '/app/data/citations.db'
2025-10-23 15:47:48 - src.app_final_vue - INFO - [RESPONSE #3169] GET vue_api.health_check -> 200 (444 chars)
2025-10-23 15:48:18 - src.database_manager - ERROR - Database connection error: [Errno 2] No such file or directory: '/app/data/citations.db'
2025-10-23 15:48:18 - src.database_manager - ERROR - Failed to get database stats: [Errno 2] No such file or directory: '/app/data/citations.db'
2025-10-23 15:48:18 - src.app_final_vue - INFO - [RESPONSE #3170] GET vue_api.health_check -> 200 (444 chars)
2025-10-23 15:48:40 - src.memory_monitor - INFO - Memory usage: 114.6MB (0.7%)
2025-10-23 15:48:48 - src.database_manager - ERROR - Database connection error: [Errno 2] No such file or directory: '/app/data/citations.db'
2025-10-23 15:48:48 - src.database_manager - ERROR - Failed to get database stats: [Errno 2] No such file or directory: '/app/data/citations.db'
2025-10-23 15:48:48 - src.app_final_vue - INFO - [RESPONSE #3171] GET vue_api.health_check -> 200 (444 chars)
2025-10-23 15:49:18 - src.database_manager - ERROR - Database connection error: [Errno 2] No such file or directory: '/app/data/citations.db'
2025-10-23 15:49:18 - src.database_manager - ERROR - Failed to get database stats: [Errno 2] No such file or directory: '/app/data/citations.db'
2025-10-23 15:49:18 - src.app_final_vue - INFO - [RESPONSE #3172] GET vue_api.health_check -> 200 (444 chars)
2025-10-23 15:49:40 - src.memory_monitor - INFO - Memory usage: 114.6MB (0.7%)
2025-10-23 15:49:48 - src.database_manager - ERROR - Database connection error: [Errno 2] No such file or directory: '/app/data/citations.db'
2025-10-23 15:49:48 - src.database_manager - ERROR - Failed to get database stats: [Errno 2] No such file or directory: '/app/data/citations.db'
2025-10-23 15:49:48 - src.app_final_vue - INFO - [RESPONSE #3173] GET vue_api.health_check -> 200 (444 chars)
2025-10-23 15:50:19 - src.database_manager - ERROR - Database connection error: [Errno 2] No such file or directory: '/app/data/citations.db'
2025-10-23 15:50:19 - src.database_manager - ERROR - Failed to get database stats: [Errno 2] No such file or directory: '/app/data/citations.db'
2025-10-23 15:50:19 - src.app_final_vue - INFO - [RESPONSE #3174] GET vue_api.health_check -> 200 (444 chars)
2025-10-23 15:50:40 - src.memory_monitor - INFO - Memory usage: 114.6MB (0.7%)
2025-10-23 15:50:49 - src.database_manager - ERROR - Database connection error: [Errno 2] No such file or directory: '/app/data/citations.db'
2025-10-23 15:50:49 - src.database_manager - ERROR - Failed to get database stats: [Errno 2] No such file or directory: '/app/data/citations.db'
2025-10-23 15:50:49 - src.app_final_vue - INFO - [RESPONSE #3175] GET vue_api.health_check -> 200 (444 chars)
2025-10-23 15:51:19 - src.database_manager - ERROR - Database connection error: [Errno 2] No such file or directory: '/app/data/citations.db'
2025-10-23 15:51:19 - src.database_manager - ERROR - Failed to get database stats: [Errno 2] No such file or directory: '/app/data/citations.db'
2025-10-23 15:51:19 - src.app_final_vue - INFO - [RESPONSE #3176] GET vue_api.health_check -> 200 (444 chars)
2025-10-23 15:51:40 - src.memory_monitor - INFO - Memory usage: 114.6MB (0.7%)
2025-10-23 15:51:49 - src.database_manager - ERROR - Database connection error: [Errno 2] No such file or directory: '/app/data/citations.db'
2025-10-23 15:51:49 - src.database_manager - ERROR - Failed to get database stats: [Errno 2] No such file or directory: '/app/data/citations.db'
2025-10-23 15:51:49 - src.app_final_vue - INFO - [RESPONSE #3177] GET vue_api.health_check -> 200 (444 chars)
2025-10-23 15:52:19 - src.database_manager - ERROR - Database connection error: [Errno 2] No such file or directory: '/app/data/citations.db'
2025-10-23 15:52:19 - src.database_manager - ERROR - Failed to get database stats: [Errno 2] No such file or directory: '/app/data/citations.db'
2025-10-23 15:52:19 - src.app_final_vue - INFO - [RESPONSE #3178] GET vue_api.health_check -> 200 (444 chars)
2025-10-23 15:52:40 - src.memory_monitor - INFO - Memory usage: 114.6MB (0.7%)
2025-10-23 15:52:49 - src.database_manager - ERROR - Database connection error: [Errno 2] No such file or directory: '/app/data/citations.db'
2025-10-23 15:52:49 - src.database_manager - ERROR - Failed to get database stats: [Errno 2] No such file or directory: '/app/data/citations.db'
2025-10-23 15:52:49 - src.app_final_vue - INFO - [RESPONSE #3179] GET vue_api.health_check -> 200 (444 chars)
2025-10-23 15:53:19 - src.database_manager - ERROR - Database connection error: [Errno 2] No such file or directory: '/app/data/citations.db'
2025-10-23 15:53:19 - src.database_manager - ERROR - Failed to get database stats: [Errno 2] No such file or directory: '/app/data/citations.db'
2025-10-23 15:53:19 - src.app_final_vue - INFO - [RESPONSE #3180] GET vue_api.health_check -> 200 (444 chars)
2025-10-23 15:53:40 - src.memory_monitor - INFO - Memory usage: 114.6MB (0.7%)
2025-10-23 15:53:50 - src.database_manager - ERROR - Database connection error: [Errno 2] No such file or directory: '/app/data/citations.db'
2025-10-23 15:53:50 - src.database_manager - ERROR - Failed to get database stats: [Errno 2] No such file or directory: '/app/data/citations.db'
2025-10-23 15:53:50 - src.app_final_vue - INFO - [RESPONSE #3181] GET vue_api.health_check -> 200 (444 chars)
2025-10-23 15:54:20 - src.database_manager - ERROR - Database connection error: [Errno 2] No such file or directory: '/app/data/citations.db'
2025-10-23 15:54:20 - src.database_manager - ERROR - Failed to get database stats: [Errno 2] No such file or directory: '/app/data/citations.db'
2025-10-23 15:54:20 - src.app_final_vue - INFO - [RESPONSE #3182] GET vue_api.health_check -> 200 (444 chars)
2025-10-23 15:54:40 - src.memory_monitor - INFO - Memory usage: 114.6MB (0.7%)
2025-10-23 15:54:50 - src.database_manager - ERROR - Database connection error: [Errno 2] No such file or directory: '/app/data/citations.db'
2025-10-23 15:54:50 - src.database_manager - ERROR - Failed to get database stats: [Errno 2] No such file or directory: '/app/data/citations.db'
2025-10-23 15:54:50 - src.app_final_vue - INFO - [RESPONSE #3183] GET vue_api.health_check -> 200 (444 chars)
2025-10-23 15:55:20 - src.database_manager - ERROR - Database connection error: [Errno 2] No such file or directory: '/app/data/citations.db'
2025-10-23 15:55:20 - src.database_manager - ERROR - Failed to get database stats: [Errno 2] No such file or directory: '/app/data/citations.db'
2025-10-23 15:55:20 - src.app_final_vue - INFO - [RESPONSE #3184] GET vue_api.health_check -> 200 (444 chars)
2025-10-23 15:55:40 - src.memory_monitor - INFO - Memory usage: 114.6MB (0.7%)
2025-10-23 15:55:50 - src.database_manager - ERROR - Database connection error: [Errno 2] No such file or directory: '/app/data/citations.db'
2025-10-23 15:55:50 - src.database_manager - ERROR - Failed to get database stats: [Errno 2] No such file or directory: '/app/data/citations.db'
2025-10-23 15:55:50 - src.app_final_vue - INFO - [RESPONSE #3185] GET vue_api.health_check -> 200 (444 chars)
2025-10-23 15:56:20 - src.database_manager - ERROR - Database connection error: [Errno 2] No such file or directory: '/app/data/citations.db'
2025-10-23 15:56:20 - src.database_manager - ERROR - Failed to get database stats: [Errno 2] No such file or directory: '/app/data/citations.db'
2025-10-23 15:56:20 - src.app_final_vue - INFO - [RESPONSE #3186] GET vue_api.health_check -> 200 (444 chars)
2025-10-23 15:56:40 - src.memory_monitor - INFO - Memory usage: 114.6MB (0.7%)
2025-10-23 15:56:50 - src.database_manager - ERROR - Database connection error: [Errno 2] No such file or directory: '/app/data/citations.db'
2025-10-23 15:56:50 - src.database_manager - ERROR - Failed to get database stats: [Errno 2] No such file or directory: '/app/data/citations.db'
2025-10-23 15:56:50 - src.app_final_vue - INFO - [RESPONSE #3187] GET vue_api.health_check -> 200 (444 chars)
2025-10-23 15:57:20 - src.database_manager - ERROR - Database connection error: [Errno 2] No such file or directory: '/app/data/citations.db'
2025-10-23 15:57:20 - src.database_manager - ERROR - Failed to get database stats: [Errno 2] No such file or directory: '/app/data/citations.db'
2025-10-23 15:57:20 - src.app_final_vue - INFO - [RESPONSE #3188] GET vue_api.health_check -> 200 (444 chars)
2025-10-23 15:57:40 - src.memory_monitor - INFO - Memory usage: 114.6MB (0.7%)
2025-10-23 15:57:51 - src.database_manager - ERROR - Database connection error: [Errno 2] No such file or directory: '/app/data/citations.db'
2025-10-23 15:57:51 - src.database_manager - ERROR - Failed to get database stats: [Errno 2] No such file or directory: '/app/data/citations.db'
2025-10-23 15:57:51 - src.app_final_vue - INFO - [RESPONSE #3189] GET vue_api.health_check -> 200 (444 chars)
2025-10-23 15:58:21 - src.database_manager - ERROR - Database connection error: [Errno 2] No such file or directory: '/app/data/citations.db'
2025-10-23 15:58:21 - src.database_manager - ERROR - Failed to get database stats: [Errno 2] No such file or directory: '/app/data/citations.db'
2025-10-23 15:58:21 - src.app_final_vue - INFO - [RESPONSE #3190] GET vue_api.health_check -> 200 (444 chars)
2025-10-23 15:58:40 - src.memory_monitor - INFO - Memory usage: 114.6MB (0.7%)
2025-10-23 15:58:51 - src.database_manager - ERROR - Database connection error: [Errno 2] No such file or directory: '/app/data/citations.db'
2025-10-23 15:58:51 - src.database_manager - ERROR - Failed to get database stats: [Errno 2] No such file or directory: '/app/data/citations.db'
2025-10-23 15:58:51 - src.app_final_vue - INFO - [RESPONSE #3191] GET vue_api.health_check -> 200 (444 chars)
2025-10-23 15:59:21 - src.database_manager - ERROR - Database connection error: [Errno 2] No such file or directory: '/app/data/citations.db'
2025-10-23 15:59:21 - src.database_manager - ERROR - Failed to get database stats: [Errno 2] No such file or directory: '/app/data/citations.db'
2025-10-23 15:59:21 - src.app_final_vue - INFO - [RESPONSE #3192] GET vue_api.health_check -> 200 (444 chars)
2025-10-23 15:59:40 - src.memory_monitor - INFO - Memory usage: 114.6MB (0.7%)
2025-10-23 15:59:51 - src.database_manager - ERROR - Database connection error: [Errno 2] No such file or directory: '/app/data/citations.db'
2025-10-23 15:59:51 - src.database_manager - ERROR - Failed to get database stats: [Errno 2] No such file or directory: '/app/data/citations.db'
2025-10-23 15:59:51 - src.app_final_vue - INFO - [RESPONSE #3193] GET vue_api.health_check -> 200 (444 chars)
2025-10-23 16:00:21 - src.database_manager - ERROR - Database connection error: [Errno 2] No such file or directory: '/app/data/citations.db'
2025-10-23 16:00:21 - src.database_manager - ERROR - Failed to get database stats: [Errno 2] No such file or directory: '/app/data/citations.db'
2025-10-23 16:00:21 - src.app_final_vue - INFO - [RESPONSE #3194] GET vue_api.health_check -> 200 (444 chars)
2025-10-23 16:00:40 - src.memory_monitor - INFO - Memory usage: 114.6MB (0.7%)
2025-10-23 16:00:51 - src.database_manager - ERROR - Database connection error: [Errno 2] No such file or directory: '/app/data/citations.db'
2025-10-23 16:00:51 - src.database_manager - ERROR - Failed to get database stats: [Errno 2] No such file or directory: '/app/data/citations.db'
2025-10-23 16:00:51 - src.app_final_vue - INFO - [RESPONSE #3195] GET vue_api.health_check -> 200 (444 chars)
2025-10-23 16:01:21 - src.database_manager - ERROR - Database connection error: [Errno 2] No such file or directory: '/app/data/citations.db'
2025-10-23 16:01:21 - src.database_manager - ERROR - Failed to get database stats: [Errno 2] No such file or directory: '/app/data/citations.db'
2025-10-23 16:01:21 - src.app_final_vue - INFO - [RESPONSE #3196] GET vue_api.health_check -> 200 (444 chars)
2025-10-23 16:01:41 - src.memory_monitor - INFO - Memory usage: 114.6MB (0.7%)
2025-10-23 16:01:52 - src.database_manager - ERROR - Database connection error: [Errno 2] No such file or directory: '/app/data/citations.db'
2025-10-23 16:01:52 - src.database_manager - ERROR - Failed to get database stats: [Errno 2] No such file or directory: '/app/data/citations.db'
2025-10-23 16:01:52 - src.app_final_vue - INFO - [RESPONSE #3197] GET vue_api.health_check -> 200 (444 chars)
2025-10-23 16:02:22 - src.database_manager - ERROR - Database connection error: [Errno 2] No such file or directory: '/app/data/citations.db'
2025-10-23 16:02:22 - src.database_manager - ERROR - Failed to get database stats: [Errno 2] No such file or directory: '/app/data/citations.db'
2025-10-23 16:02:22 - src.app_final_vue - INFO - [RESPONSE #3198] GET vue_api.health_check -> 200 (444 chars)
2025-10-23 16:02:41 - src.memory_monitor - INFO - Memory usage: 114.6MB (0.7%)
2025-10-23 16:02:52 - src.database_manager - ERROR - Database connection error: [Errno 2] No such file or directory: '/app/data/citations.db'
2025-10-23 16:02:52 - src.database_manager - ERROR - Failed to get database stats: [Errno 2] No such file or directory: '/app/data/citations.db'
2025-10-23 16:02:52 - src.app_final_vue - INFO - [RESPONSE #3199] GET vue_api.health_check -> 200 (444 chars)
2025-10-23 16:03:22 - src.database_manager - ERROR - Database connection error: [Errno 2] No such file or directory: '/app/data/citations.db'
2025-10-23 16:03:22 - src.database_manager - ERROR - Failed to get database stats: [Errno 2] No such file or directory: '/app/data/citations.db'
2025-10-23 16:03:22 - src.app_final_vue - INFO - [RESPONSE #3200] GET vue_api.health_check -> 200 (444 chars)
2025-10-23 16:03:41 - src.memory_monitor - INFO - Memory usage: 114.6MB (0.7%)
2025-10-23 16:03:52 - src.database_manager - ERROR - Database connection error: [Errno 2] No such file or directory: '/app/data/citations.db'
2025-10-23 16:03:52 - src.database_manager - ERROR - Failed to get database stats: [Errno 2] No such file or directory: '/app/data/citations.db'
2025-10-23 16:03:52 - src.app_final_vue - INFO - [RESPONSE #3201] GET vue_api.health_check -> 200 (444 chars)
2025-10-23 16:04:22 - src.database_manager - ERROR - Database connection error: [Errno 2] No such file or directory: '/app/data/citations.db'
2025-10-23 16:04:22 - src.database_manager - ERROR - Failed to get database stats: [Errno 2] No such file or directory: '/app/data/citations.db'
2025-10-23 16:04:22 - src.app_final_vue - INFO - [RESPONSE #3202] GET vue_api.health_check -> 200 (444 chars)
2025-10-23 16:04:41 - src.memory_monitor - INFO - Memory usage: 114.6MB (0.7%)
2025-10-23 16:04:52 - src.database_manager - ERROR - Database connection error: [Errno 2] No such file or directory: '/app/data/citations.db'
2025-10-23 16:04:52 - src.database_manager - ERROR - Failed to get database stats: [Errno 2] No such file or directory: '/app/data/citations.db'
2025-10-23 16:04:52 - src.app_final_vue - INFO - [RESPONSE #3203] GET vue_api.health_check -> 200 (444 chars)
2025-10-23 16:05:23 - src.database_manager - ERROR - Database connection error: [Errno 2] No such file or directory: '/app/data/citations.db'
2025-10-23 16:05:23 - src.database_manager - ERROR - Failed to get database stats: [Errno 2] No such file or directory: '/app/data/citations.db'
2025-10-23 16:05:23 - src.app_final_vue - INFO - [RESPONSE #3204] GET vue_api.health_check -> 200 (444 chars)
2025-10-23 16:05:41 - src.memory_monitor - INFO - Memory usage: 114.6MB (0.7%)
2025-10-23 16:05:53 - src.database_manager - ERROR - Database connection error: [Errno 2] No such file or directory: '/app/data/citations.db'
2025-10-23 16:05:53 - src.database_manager - ERROR - Failed to get database stats: [Errno 2] No such file or directory: '/app/data/citations.db'
2025-10-23 16:05:53 - src.app_final_vue - INFO - [RESPONSE #3205] GET vue_api.health_check -> 200 (444 chars)
2025-10-23 16:06:23 - src.database_manager - ERROR - Database connection error: [Errno 2] No such file or directory: '/app/data/citations.db'
2025-10-23 16:06:23 - src.database_manager - ERROR - Failed to get database stats: [Errno 2] No such file or directory: '/app/data/citations.db'
2025-10-23 16:06:23 - src.app_final_vue - INFO - [RESPONSE #3206] GET vue_api.health_check -> 200 (444 chars)
2025-10-23 16:06:41 - src.memory_monitor - INFO - Memory usage: 114.6MB (0.7%)
2025-10-23 16:06:53 - src.database_manager - ERROR - Database connection error: [Errno 2] No such file or directory: '/app/data/citations.db'
2025-10-23 16:06:53 - src.database_manager - ERROR - Failed to get database stats: [Errno 2] No such file or directory: '/app/data/citations.db'
2025-10-23 16:06:53 - src.app_final_vue - INFO - [RESPONSE #3207] GET vue_api.health_check -> 200 (444 chars)
2025-10-23 16:07:23 - src.database_manager - ERROR - Database connection error: [Errno 2] No such file or directory: '/app/data/citations.db'
2025-10-23 16:07:23 - src.database_manager - ERROR - Failed to get database stats: [Errno 2] No such file or directory: '/app/data/citations.db'
2025-10-23 16:07:23 - src.app_final_vue - INFO - [RESPONSE #3208] GET vue_api.health_check -> 200 (444 chars)
2025-10-23 16:07:41 - src.memory_monitor - INFO - Memory usage: 114.6MB (0.7%)
2025-10-23 16:07:53 - src.database_manager - ERROR - Database connection error: [Errno 2] No such file or directory: '/app/data/citations.db'
2025-10-23 16:07:53 - src.database_manager - ERROR - Failed to get database stats: [Errno 2] No such file or directory: '/app/data/citations.db'
2025-10-23 16:07:53 - src.app_final_vue - INFO - [RESPONSE #3209] GET vue_api.health_check -> 200 (444 chars)
2025-10-23 16:08:23 - src.database_manager - ERROR - Database connection error: [Errno 2] No such file or directory: '/app/data/citations.db'
2025-10-23 16:08:23 - src.database_manager - ERROR - Failed to get database stats: [Errno 2] No such file or directory: '/app/data/citations.db'
2025-10-23 16:08:23 - src.app_final_vue - INFO - [RESPONSE #3210] GET vue_api.health_check -> 200 (444 chars)
2025-10-23 16:08:41 - src.memory_monitor - INFO - Memory usage: 114.6MB (0.7%)
2025-10-23 16:08:53 - src.database_manager - ERROR - Database connection error: [Errno 2] No such file or directory: '/app/data/citations.db'
2025-10-23 16:08:53 - src.database_manager - ERROR - Failed to get database stats: [Errno 2] No such file or directory: '/app/data/citations.db'
2025-10-23 16:08:53 - src.app_final_vue - INFO - [RESPONSE #3211] GET vue_api.health_check -> 200 (444 chars)
2025-10-23 16:09:24 - src.database_manager - ERROR - Database connection error: [Errno 2] No such file or directory: '/app/data/citations.db'
2025-10-23 16:09:24 - src.database_manager - ERROR - Failed to get database stats: [Errno 2] No such file or directory: '/app/data/citations.db'
2025-10-23 16:09:24 - src.app_final_vue - INFO - [RESPONSE #3212] GET vue_api.health_check -> 200 (444 chars)
2025-10-23 16:09:41 - src.memory_monitor - INFO - Memory usage: 114.6MB (0.7%)
2025-10-23 16:09:54 - src.database_manager - ERROR - Database connection error: [Errno 2] No such file or directory: '/app/data/citations.db'
2025-10-23 16:09:54 - src.database_manager - ERROR - Failed to get database stats: [Errno 2] No such file or directory: '/app/data/citations.db'
2025-10-23 16:09:54 - src.app_final_vue - INFO - [RESPONSE #3213] GET vue_api.health_check -> 200 (444 chars)
2025-10-23 16:10:24 - src.database_manager - ERROR - Database connection error: [Errno 2] No such file or directory: '/app/data/citations.db'
2025-10-23 16:10:24 - src.database_manager - ERROR - Failed to get database stats: [Errno 2] No such file or directory: '/app/data/citations.db'
2025-10-23 16:10:24 - src.app_final_vue - INFO - [RESPONSE #3214] GET vue_api.health_check -> 200 (444 chars)
2025-10-23 16:10:41 - src.memory_monitor - INFO - Memory usage: 114.6MB (0.7%)
2025-10-23 16:10:54 - src.database_manager - ERROR - Database connection error: [Errno 2] No such file or directory: '/app/data/citations.db'
2025-10-23 16:10:54 - src.database_manager - ERROR - Failed to get database stats: [Errno 2] No such file or directory: '/app/data/citations.db'
2025-10-23 16:10:54 - src.app_final_vue - INFO - [RESPONSE #3215] GET vue_api.health_check -> 200 (444 chars)
2025-10-23 16:11:24 - src.database_manager - ERROR - Database connection error: [Errno 2] No such file or directory: '/app/data/citations.db'
2025-10-23 16:11:24 - src.database_manager - ERROR - Failed to get database stats: [Errno 2] No such file or directory: '/app/data/citations.db'
2025-10-23 16:11:24 - src.app_final_vue - INFO - [RESPONSE #3216] GET vue_api.health_check -> 200 (444 chars)
2025-10-23 16:11:41 - src.memory_monitor - INFO - Memory usage: 114.6MB (0.7%)
2025-10-23 16:11:54 - src.database_manager - ERROR - Database connection error: [Errno 2] No such file or directory: '/app/data/citations.db'
2025-10-23 16:11:54 - src.database_manager - ERROR - Failed to get database stats: [Errno 2] No such file or directory: '/app/data/citations.db'
2025-10-23 16:11:54 - src.app_final_vue - INFO - [RESPONSE #3217] GET vue_api.health_check -> 200 (444 chars)
2025-10-23 16:12:24 - src.database_manager - ERROR - Database connection error: [Errno 2] No such file or directory: '/app/data/citations.db'
2025-10-23 16:12:24 - src.database_manager - ERROR - Failed to get database stats: [Errno 2] No such file or directory: '/app/data/citations.db'
2025-10-23 16:12:24 - src.app_final_vue - INFO - [RESPONSE #3218] GET vue_api.health_check -> 200 (444 chars)
2025-10-23 16:12:41 - src.memory_monitor - INFO - Memory usage: 114.6MB (0.7%)
2025-10-23 16:12:54 - src.database_manager - ERROR - Database connection error: [Errno 2] No such file or directory: '/app/data/citations.db'
2025-10-23 16:12:54 - src.database_manager - ERROR - Failed to get database stats: [Errno 2] No such file or directory: '/app/data/citations.db'
2025-10-23 16:12:55 - src.app_final_vue - INFO - [RESPONSE #3219] GET vue_api.health_check -> 200 (444 chars)
2025-10-23 16:13:25 - src.database_manager - ERROR - Database connection error: [Errno 2] No such file or directory: '/app/data/citations.db'
2025-10-23 16:13:25 - src.database_manager - ERROR - Failed to get database stats: [Errno 2] No such file or directory: '/app/data/citations.db'
2025-10-23 16:13:25 - src.app_final_vue - INFO - [RESPONSE #3220] GET vue_api.health_check -> 200 (444 chars)
2025-10-23 16:13:41 - src.memory_monitor - INFO - Memory usage: 114.6MB (0.7%)
2025-10-23 16:13:55 - src.database_manager - ERROR - Database connection error: [Errno 2] No such file or directory: '/app/data/citations.db'
2025-10-23 16:13:55 - src.database_manager - ERROR - Failed to get database stats: [Errno 2] No such file or directory: '/app/data/citations.db'
2025-10-23 16:13:55 - src.app_final_vue - INFO - [RESPONSE #3221] GET vue_api.health_check -> 200 (444 chars)
2025-10-23 16:14:25 - src.database_manager - ERROR - Database connection error: [Errno 2] No such file or directory: '/app/data/citations.db'
2025-10-23 16:14:25 - src.database_manager - ERROR - Failed to get database stats: [Errno 2] No such file or directory: '/app/data/citations.db'
2025-10-23 16:14:25 - src.app_final_vue - INFO - [RESPONSE #3222] GET vue_api.health_check -> 200 (444 chars)
2025-10-23 16:14:41 - src.memory_monitor - INFO - Memory usage: 114.6MB (0.7%)
2025-10-23 16:14:55 - src.database_manager - ERROR - Database connection error: [Errno 2] No such file or directory: '/app/data/citations.db'
2025-10-23 16:14:55 - src.database_manager - ERROR - Failed to get database stats: [Errno 2] No such file or directory: '/app/data/citations.db'
2025-10-23 16:14:55 - src.app_final_vue - INFO - [RESPONSE #3223] GET vue_api.health_check -> 200 (444 chars)
2025-10-23 16:15:25 - src.database_manager - ERROR - Database connection error: [Errno 2] No such file or directory: '/app/data/citations.db'
2025-10-23 16:15:25 - src.database_manager - ERROR - Failed to get database stats: [Errno 2] No such file or directory: '/app/data/citations.db'
2025-10-23 16:15:25 - src.app_final_vue - INFO - [RESPONSE #3224] GET vue_api.health_check -> 200 (444 chars)
2025-10-23 16:15:41 - src.memory_monitor - INFO - Memory usage: 114.6MB (0.7%)
2025-10-23 16:15:55 - src.database_manager - ERROR - Database connection error: [Errno 2] No such file or directory: '/app/data/citations.db'
2025-10-23 16:15:55 - src.database_manager - ERROR - Failed to get database stats: [Errno 2] No such file or directory: '/app/data/citations.db'
2025-10-23 16:15:55 - src.app_final_vue - INFO - [RESPONSE #3225] GET vue_api.health_check -> 200 (444 chars)
2025-10-23 16:16:25 - src.database_manager - ERROR - Database connection error: [Errno 2] No such file or directory: '/app/data/citations.db'
2025-10-23 16:16:25 - src.database_manager - ERROR - Failed to get database stats: [Errno 2] No such file or directory: '/app/data/citations.db'
2025-10-23 16:16:25 - src.app_final_vue - INFO - [RESPONSE #3226] GET vue_api.health_check -> 200 (444 chars)
2025-10-23 16:16:41 - src.memory_monitor - INFO - Memory usage: 114.6MB (0.7%)
2025-10-23 16:16:56 - src.database_manager - ERROR - Database connection error: [Errno 2] No such file or directory: '/app/data/citations.db'
2025-10-23 16:16:56 - src.database_manager - ERROR - Failed to get database stats: [Errno 2] No such file or directory: '/app/data/citations.db'
2025-10-23 16:16:56 - src.app_final_vue - INFO - [RESPONSE #3227] GET vue_api.health_check -> 200 (444 chars)
2025-10-23 16:17:26 - src.database_manager - ERROR - Database connection error: [Errno 2] No such file or directory: '/app/data/citations.db'
2025-10-23 16:17:26 - src.database_manager - ERROR - Failed to get database stats: [Errno 2] No such file or directory: '/app/data/citations.db'
2025-10-23 16:17:26 - src.app_final_vue - INFO - [RESPONSE #3228] GET vue_api.health_check -> 200 (444 chars)
2025-10-23 16:17:41 - src.memory_monitor - INFO - Memory usage: 114.6MB (0.7%)
2025-10-23 16:17:56 - src.database_manager - ERROR - Database connection error: [Errno 2] No such file or directory: '/app/data/citations.db'
2025-10-23 16:17:56 - src.database_manager - ERROR - Failed to get database stats: [Errno 2] No such file or directory: '/app/data/citations.db'
2025-10-23 16:17:56 - src.app_final_vue - INFO - [RESPONSE #3229] GET vue_api.health_check -> 200 (444 chars)
2025-10-23 16:18:26 - src.database_manager - ERROR - Database connection error: [Errno 2] No such file or directory: '/app/data/citations.db'
2025-10-23 16:18:26 - src.database_manager - ERROR - Failed to get database stats: [Errno 2] No such file or directory: '/app/data/citations.db'
2025-10-23 16:18:26 - src.app_final_vue - INFO - [RESPONSE #3230] GET vue_api.health_check -> 200 (444 chars)
2025-10-23 16:18:41 - src.memory_monitor - INFO - Memory usage: 114.6MB (0.7%)
2025-10-23 16:18:56 - src.database_manager - ERROR - Database connection error: [Errno 2] No such file or directory: '/app/data/citations.db'
2025-10-23 16:18:56 - src.database_manager - ERROR - Failed to get database stats: [Errno 2] No such file or directory: '/app/data/citations.db'
2025-10-23 16:18:56 - src.app_final_vue - INFO - [RESPONSE #3231] GET vue_api.health_check -> 200 (444 chars)
2025-10-23 16:19:26 - src.database_manager - ERROR - Database connection error: [Errno 2] No such file or directory: '/app/data/citations.db'
2025-10-23 16:19:26 - src.database_manager - ERROR - Failed to get database stats: [Errno 2] No such file or directory: '/app/data/citations.db'
2025-10-23 16:19:26 - src.app_final_vue - INFO - [RESPONSE #3232] GET vue_api.health_check -> 200 (444 chars)
2025-10-23 16:19:41 - src.memory_monitor - INFO - Memory usage: 114.6MB (0.7%)
2025-10-23 16:19:56 - src.database_manager - ERROR - Database connection error: [Errno 2] No such file or directory: '/app/data/citations.db'
2025-10-23 16:19:56 - src.database_manager - ERROR - Failed to get database stats: [Errno 2] No such file or directory: '/app/data/citations.db'
2025-10-23 16:19:56 - src.app_final_vue - INFO - [RESPONSE #3233] GET vue_api.health_check -> 200 (444 chars)
2025-10-23 16:20:26 - src.database_manager - ERROR - Database connection error: [Errno 2] No such file or directory: '/app/data/citations.db'
2025-10-23 16:20:26 - src.database_manager - ERROR - Failed to get database stats: [Errno 2] No such file or directory: '/app/data/citations.db'
2025-10-23 16:20:26 - src.app_final_vue - INFO - [RESPONSE #3234] GET vue_api.health_check -> 200 (444 chars)
2025-10-23 16:20:41 - src.memory_monitor - INFO - Memory usage: 114.6MB (0.7%)
2025-10-23 16:20:56 - src.database_manager - ERROR - Database connection error: [Errno 2] No such file or directory: '/app/data/citations.db'
2025-10-23 16:20:56 - src.database_manager - ERROR - Failed to get database stats: [Errno 2] No such file or directory: '/app/data/citations.db'
2025-10-23 16:20:56 - src.app_final_vue - INFO - [RESPONSE #3235] GET vue_api.health_check -> 200 (444 chars)
2025-10-23 16:21:27 - src.database_manager - ERROR - Database connection error: [Errno 2] No such file or directory: '/app/data/citations.db'
2025-10-23 16:21:27 - src.database_manager - ERROR - Failed to get database stats: [Errno 2] No such file or directory: '/app/data/citations.db'
2025-10-23 16:21:27 - src.app_final_vue - INFO - [RESPONSE #3236] GET vue_api.health_check -> 200 (444 chars)
2025-10-23 16:21:41 - src.memory_monitor - INFO - Memory usage: 114.6MB (0.7%)
2025-10-23 16:21:57 - src.database_manager - ERROR - Database connection error: [Errno 2] No such file or directory: '/app/data/citations.db'
2025-10-23 16:21:57 - src.database_manager - ERROR - Failed to get database stats: [Errno 2] No such file or directory: '/app/data/citations.db'
2025-10-23 16:21:57 - src.app_final_vue - INFO - [RESPONSE #3237] GET vue_api.health_check -> 200 (444 chars)
2025-10-23 16:22:27 - src.database_manager - ERROR - Database connection error: [Errno 2] No such file or directory: '/app/data/citations.db'
2025-10-23 16:22:27 - src.database_manager - ERROR - Failed to get database stats: [Errno 2] No such file or directory: '/app/data/citations.db'
2025-10-23 16:22:27 - src.app_final_vue - INFO - [RESPONSE #3238] GET vue_api.health_check -> 200 (444 chars)
2025-10-23 16:22:42 - src.memory_monitor - INFO - Memory usage: 114.6MB (0.7%)
2025-10-23 16:22:57 - src.database_manager - ERROR - Database connection error: [Errno 2] No such file or directory: '/app/data/citations.db'
2025-10-23 16:22:57 - src.database_manager - ERROR - Failed to get database stats: [Errno 2] No such file or directory: '/app/data/citations.db'
2025-10-23 16:22:57 - src.app_final_vue - INFO - [RESPONSE #3239] GET vue_api.health_check -> 200 (444 chars)
2025-10-23 16:23:27 - src.database_manager - ERROR - Database connection error: [Errno 2] No such file or directory: '/app/data/citations.db'
2025-10-23 16:23:27 - src.database_manager - ERROR - Failed to get database stats: [Errno 2] No such file or directory: '/app/data/citations.db'
2025-10-23 16:23:27 - src.app_final_vue - INFO - [RESPONSE #3240] GET vue_api.health_check -> 200 (444 chars)
2025-10-23 16:23:42 - src.memory_monitor - INFO - Memory usage: 114.6MB (0.7%)
2025-10-23 16:23:57 - src.database_manager - ERROR - Database connection error: [Errno 2] No such file or directory: '/app/data/citations.db'
2025-10-23 16:23:57 - src.database_manager - ERROR - Failed to get database stats: [Errno 2] No such file or directory: '/app/data/citations.db'
2025-10-23 16:23:57 - src.app_final_vue - INFO - [RESPONSE #3241] GET vue_api.health_check -> 200 (444 chars)
2025-10-23 16:24:27 - src.database_manager - ERROR - Database connection error: [Errno 2] No such file or directory: '/app/data/citations.db'
2025-10-23 16:24:27 - src.database_manager - ERROR - Failed to get database stats: [Errno 2] No such file or directory: '/app/data/citations.db'
2025-10-23 16:24:27 - src.app_final_vue - INFO - [RESPONSE #3242] GET vue_api.health_check -> 200 (444 chars)
2025-10-23 16:24:42 - src.memory_monitor - INFO - Memory usage: 114.6MB (0.7%)
2025-10-23 16:24:57 - src.database_manager - ERROR - Database connection error: [Errno 2] No such file or directory: '/app/data/citations.db'
2025-10-23 16:24:57 - src.database_manager - ERROR - Failed to get database stats: [Errno 2] No such file or directory: '/app/data/citations.db'
2025-10-23 16:24:57 - src.app_final_vue - INFO - [RESPONSE #3243] GET vue_api.health_check -> 200 (444 chars)
2025-10-23 16:25:28 - src.database_manager - ERROR - Database connection error: [Errno 2] No such file or directory: '/app/data/citations.db'
2025-10-23 16:25:28 - src.database_manager - ERROR - Failed to get database stats: [Errno 2] No such file or directory: '/app/data/citations.db'
2025-10-23 16:25:28 - src.app_final_vue - INFO - [RESPONSE #3244] GET vue_api.health_check -> 200 (444 chars)
2025-10-23 16:25:42 - src.memory_monitor - INFO - Memory usage: 114.6MB (0.7%)
2025-10-23 16:25:58 - src.database_manager - ERROR - Database connection error: [Errno 2] No such file or directory: '/app/data/citations.db'
2025-10-23 16:25:58 - src.database_manager - ERROR - Failed to get database stats: [Errno 2] No such file or directory: '/app/data/citations.db'
2025-10-23 16:25:58 - src.app_final_vue - INFO - [RESPONSE #3245] GET vue_api.health_check -> 200 (444 chars)
2025-10-23 16:26:28 - src.database_manager - ERROR - Database connection error: [Errno 2] No such file or directory: '/app/data/citations.db'
2025-10-23 16:26:28 - src.database_manager - ERROR - Failed to get database stats: [Errno 2] No such file or directory: '/app/data/citations.db'
2025-10-23 16:26:28 - src.app_final_vue - INFO - [RESPONSE #3246] GET vue_api.health_check -> 200 (444 chars)
2025-10-23 16:26:42 - src.memory_monitor - INFO - Memory usage: 114.6MB (0.7%)
2025-10-23 16:26:58 - src.database_manager - ERROR - Database connection error: [Errno 2] No such file or directory: '/app/data/citations.db'
2025-10-23 16:26:58 - src.database_manager - ERROR - Failed to get database stats: [Errno 2] No such file or directory: '/app/data/citations.db'
2025-10-23 16:26:58 - src.app_final_vue - INFO - [RESPONSE #3247] GET vue_api.health_check -> 200 (444 chars)
2025-10-23 16:27:28 - src.database_manager - ERROR - Database connection error: [Errno 2] No such file or directory: '/app/data/citations.db'
2025-10-23 16:27:28 - src.database_manager - ERROR - Failed to get database stats: [Errno 2] No such file or directory: '/app/data/citations.db'
2025-10-23 16:27:28 - src.app_final_vue - INFO - [RESPONSE #3248] GET vue_api.health_check -> 200 (444 chars)
2025-10-23 16:27:42 - src.memory_monitor - INFO - Memory usage: 114.6MB (0.7%)
2025-10-23 16:27:58 - src.database_manager - ERROR - Database connection error: [Errno 2] No such file or directory: '/app/data/citations.db'
2025-10-23 16:27:58 - src.database_manager - ERROR - Failed to get database stats: [Errno 2] No such file or directory: '/app/data/citations.db'
2025-10-23 16:27:58 - src.app_final_vue - INFO - [RESPONSE #3249] GET vue_api.health_check -> 200 (444 chars)
2025-10-23 16:28:28 - src.database_manager - ERROR - Database connection error: [Errno 2] No such file or directory: '/app/data/citations.db'
2025-10-23 16:28:28 - src.database_manager - ERROR - Failed to get database stats: [Errno 2] No such file or directory: '/app/data/citations.db'
2025-10-23 16:28:28 - src.app_final_vue - INFO - [RESPONSE #3250] GET vue_api.health_check -> 200 (444 chars)
2025-10-23 16:28:42 - src.memory_monitor - INFO - Memory usage: 114.6MB (0.7%)
2025-10-23 16:28:58 - src.database_manager - ERROR - Database connection error: [Errno 2] No such file or directory: '/app/data/citations.db'
2025-10-23 16:28:58 - src.database_manager - ERROR - Failed to get database stats: [Errno 2] No such file or directory: '/app/data/citations.db'
2025-10-23 16:28:58 - src.app_final_vue - INFO - [RESPONSE #3251] GET vue_api.health_check -> 200 (444 chars)
2025-10-23 16:29:29 - src.database_manager - ERROR - Database connection error: [Errno 2] No such file or directory: '/app/data/citations.db'
2025-10-23 16:29:29 - src.database_manager - ERROR - Failed to get database stats: [Errno 2] No such file or directory: '/app/data/citations.db'
2025-10-23 16:29:29 - src.app_final_vue - INFO - [RESPONSE #3252] GET vue_api.health_check -> 200 (444 chars)
2025-10-23 16:29:42 - src.memory_monitor - INFO - Memory usage: 114.6MB (0.7%)
2025-10-23 16:29:59 - src.database_manager - ERROR - Database connection error: [Errno 2] No such file or directory: '/app/data/citations.db'
2025-10-23 16:29:59 - src.database_manager - ERROR - Failed to get database stats: [Errno 2] No such file or directory: '/app/data/citations.db'
2025-10-23 16:29:59 - src.app_final_vue - INFO - [RESPONSE #3253] GET vue_api.health_check -> 200 (444 chars)
2025-10-23 16:30:29 - src.database_manager - ERROR - Database connection error: [Errno 2] No such file or directory: '/app/data/citations.db'
2025-10-23 16:30:29 - src.database_manager - ERROR - Failed to get database stats: [Errno 2] No such file or directory: '/app/data/citations.db'
2025-10-23 16:30:29 - src.app_final_vue - INFO - [RESPONSE #3254] GET vue_api.health_check -> 200 (444 chars)
2025-10-23 16:30:42 - src.memory_monitor - INFO - Memory usage: 114.6MB (0.7%)
2025-10-23 16:30:59 - src.database_manager - ERROR - Database connection error: [Errno 2] No such file or directory: '/app/data/citations.db'
2025-10-23 16:30:59 - src.database_manager - ERROR - Failed to get database stats: [Errno 2] No such file or directory: '/app/data/citations.db'
2025-10-23 16:30:59 - src.app_final_vue - INFO - [RESPONSE #3255] GET vue_api.health_check -> 200 (444 chars)
2025-10-23 16:31:29 - src.database_manager - ERROR - Database connection error: [Errno 2] No such file or directory: '/app/data/citations.db'
2025-10-23 16:31:29 - src.database_manager - ERROR - Failed to get database stats: [Errno 2] No such file or directory: '/app/data/citations.db'
2025-10-23 16:31:29 - src.app_final_vue - INFO - [RESPONSE #3256] GET vue_api.health_check -> 200 (444 chars)
2025-10-23 16:31:42 - src.memory_monitor - INFO - Memory usage: 114.6MB (0.7%)
2025-10-23 16:31:59 - src.database_manager - ERROR - Database connection error: [Errno 2] No such file or directory: '/app/data/citations.db'
2025-10-23 16:31:59 - src.database_manager - ERROR - Failed to get database stats: [Errno 2] No such file or directory: '/app/data/citations.db'
2025-10-23 16:31:59 - src.app_final_vue - INFO - [RESPONSE #3257] GET vue_api.health_check -> 200 (444 chars)
2025-10-23 16:32:29 - src.database_manager - ERROR - Database connection error: [Errno 2] No such file or directory: '/app/data/citations.db'
2025-10-23 16:32:29 - src.database_manager - ERROR - Failed to get database stats: [Errno 2] No such file or directory: '/app/data/citations.db'
2025-10-23 16:32:29 - src.app_final_vue - INFO - [RESPONSE #3258] GET vue_api.health_check -> 200 (444 chars)
2025-10-23 16:32:42 - src.memory_monitor - INFO - Memory usage: 114.6MB (0.7%)
2025-10-23 16:32:59 - src.database_manager - ERROR - Database connection error: [Errno 2] No such file or directory: '/app/data/citations.db'
2025-10-23 16:32:59 - src.database_manager - ERROR - Failed to get database stats: [Errno 2] No such file or directory: '/app/data/citations.db'
2025-10-23 16:32:59 - src.app_final_vue - INFO - [RESPONSE #3259] GET vue_api.health_check -> 200 (444 chars)
2025-10-23 16:33:30 - src.database_manager - ERROR - Database connection error: [Errno 2] No such file or directory: '/app/data/citations.db'
2025-10-23 16:33:30 - src.database_manager - ERROR - Failed to get database stats: [Errno 2] No such file or directory: '/app/data/citations.db'
2025-10-23 16:33:30 - src.app_final_vue - INFO - [RESPONSE #3260] GET vue_api.health_check -> 200 (444 chars)
2025-10-23 16:33:42 - src.memory_monitor - INFO - Memory usage: 114.6MB (0.7%)
2025-10-23 16:34:00 - src.database_manager - ERROR - Database connection error: [Errno 2] No such file or directory: '/app/data/citations.db'
2025-10-23 16:34:00 - src.database_manager - ERROR - Failed to get database stats: [Errno 2] No such file or directory: '/app/data/citations.db'
2025-10-23 16:34:00 - src.app_final_vue - INFO - [RESPONSE #3261] GET vue_api.health_check -> 200 (444 chars)
2025-10-23 16:34:30 - src.database_manager - ERROR - Database connection error: [Errno 2] No such file or directory: '/app/data/citations.db'
2025-10-23 16:34:30 - src.database_manager - ERROR - Failed to get database stats: [Errno 2] No such file or directory: '/app/data/citations.db'
2025-10-23 16:34:30 - src.app_final_vue - INFO - [RESPONSE #3262] GET vue_api.health_check -> 200 (444 chars)
2025-10-23 16:34:42 - src.memory_monitor - INFO - Memory usage: 114.6MB (0.7%)
2025-10-23 16:35:00 - src.database_manager - ERROR - Database connection error: [Errno 2] No such file or directory: '/app/data/citations.db'
2025-10-23 16:35:00 - src.database_manager - ERROR - Failed to get database stats: [Errno 2] No such file or directory: '/app/data/citations.db'
2025-10-23 16:35:00 - src.app_final_vue - INFO - [RESPONSE #3263] GET vue_api.health_check -> 200 (444 chars)
2025-10-23 16:35:30 - src.database_manager - ERROR - Database connection error: [Errno 2] No such file or directory: '/app/data/citations.db'
2025-10-23 16:35:30 - src.database_manager - ERROR - Failed to get database stats: [Errno 2] No such file or directory: '/app/data/citations.db'
2025-10-23 16:35:30 - src.app_final_vue - INFO - [RESPONSE #3264] GET vue_api.health_check -> 200 (444 chars)
2025-10-23 16:35:42 - src.memory_monitor - INFO - Memory usage: 114.6MB (0.7%)
2025-10-23 16:36:00 - src.database_manager - ERROR - Database connection error: [Errno 2] No such file or directory: '/app/data/citations.db'
2025-10-23 16:36:00 - src.database_manager - ERROR - Failed to get database stats: [Errno 2] No such file or directory: '/app/data/citations.db'
2025-10-23 16:36:00 - src.app_final_vue - INFO - [RESPONSE #3265] GET vue_api.health_check -> 200 (444 chars)
2025-10-23 16:36:21 - src.vue_api_endpoints_updated - INFO - === ANALYZE ENDPOINT CALLED [Request ID: c55293b9-789c-41f8-85ef-3c73688953a1] ===
2025-10-23 16:36:21 - src.vue_api_endpoints_updated - INFO - [Request c55293b9-789c-41f8-85ef-3c73688953a1] Method: POST
2025-10-23 16:36:21 - src.vue_api_endpoints_updated - INFO - [Request c55293b9-789c-41f8-85ef-3c73688953a1] URL: http://wolf.law.uw.edu/casestrainer/api/analyze
2025-10-23 16:36:21 - src.vue_api_endpoints_updated - INFO - [Request c55293b9-789c-41f8-85ef-3c73688953a1] Content-Type: application/json
2025-10-23 16:36:21 - src.redis_distributed_processor - INFO - Redis connection established
2025-10-23 16:36:21 - src.vue_api_endpoints_updated - INFO - [Request client-1761237381738-rde3hdsni] Using client-provided request_id for progress tracking
2025-10-23 16:36:21 - src.vue_api_endpoints_updated - INFO - [Request client-1761237381738-rde3hdsni] Processing JSON input
2025-10-23 16:36:21 - src.vue_api_endpoints_updated - INFO - [Request client-1761237381738-rde3hdsni] Processing url input
2025-10-23 16:36:21 - src.redis_distributed_processor - INFO - Redis connection established
2025-10-23 16:36:21 - src.vue_api_endpoints_updated - INFO - [Request client-1761237381738-rde3hdsni] Using UnifiedInputProcessor for url input
2025-10-23 16:36:21 - src.unified_input_processor - ERROR - [Unified Processor client-1761237381738-rde3hdsni] 🚀 process_any_input CALLED!
2025-10-23 16:36:21 - src.unified_input_processor - ERROR - [Unified Processor client-1761237381738-rde3hdsni] Processing url input
2025-10-23 16:36:21 - src.unified_input_processor - ERROR - [Unified Processor client-1761237381738-rde3hdsni] Input data type: <class 'str'>
2025-10-23 16:36:21 - src.unified_input_processor - ERROR - [Unified Processor client-1761237381738-rde3hdsni] Input data length: 54
2025-10-23 16:36:21 - src.unified_input_processor - ERROR - [Unified Processor client-1761237381738-rde3hdsni] Source name: None, Force mode: None
2025-10-23 16:36:21 - src.unified_input_processor - ERROR - [Unified Processor client-1761237381738-rde3hdsni] 📥 Calling _extract_text_from_input...
2025-10-23 16:36:21 - src.unified_input_processor - INFO - [Unified Processor client-1761237381738-rde3hdsni] Extracting text from URL: https://appellate.nccourts.org/opinions/?c=1&pdf=45257
2025-10-23 16:36:21 - src.unified_input_processor - INFO - [Unified Processor client-1761237381738-rde3hdsni] Validating URL...
2025-10-23 16:36:21 - src.unified_input_processor - INFO - [Unified Processor client-1761237381738-rde3hdsni] URL validation passed, fetching content...
2025-10-23 16:36:21 - src.progress_manager - INFO - Fetching URL: https://appellate.nccourts.org/opinions/?c=1&pdf=45257
2025-10-23 16:36:23 - src.app_final_vue - INFO - [RESPONSE #3266] GET vue_api.processing_progress -> 200 (255 chars)
2025-10-23 16:36:24 - src.app_final_vue - INFO - [RESPONSE #3267] GET vue_api.processing_progress -> 200 (255 chars)
2025-10-23 16:36:25 - src.app_final_vue - INFO - [RESPONSE #3268] GET vue_api.processing_progress -> 200 (255 chars)
2025-10-23 16:36:26 - src.app_final_vue - INFO - [RESPONSE #3269] GET vue_api.processing_progress -> 200 (255 chars)
2025-10-23 16:36:26 - src.progress_manager - INFO - Response status: 200
2025-10-23 16:36:26 - src.progress_manager - INFO - Content type: application/pdf
2025-10-23 16:36:26 - src.progress_manager - INFO - Extracting PDF from URL using extract_text_from_pdf_smart()
2025-10-23 16:36:26 - src.robust_pdf_extractor - INFO - PDF extraction libraries available: fitz, pdfplumber, pypdf, PyPDF2, pdfminer
2025-10-23 16:36:26 - src.robust_pdf_extractor - INFO - ✅ PDF extracted in 0.1s using fitz
2025-10-23 16:36:26 - src.progress_manager - INFO - Successfully extracted 41008 characters from URL PDF
2025-10-23 16:36:26 - src.progress_manager - INFO - After preprocessing: 39570 characters
2025-10-23 16:36:26 - src.unified_input_processor - INFO - [Unified Processor client-1761237381738-rde3hdsni] Content fetched, length: 39570
2025-10-23 16:36:26 - src.unified_input_processor - INFO - [Unified Processor client-1761237381738-rde3hdsni] Successfully extracted 39570 characters from URL
2025-10-23 16:36:26 - src.unified_input_processor - ERROR - [Unified Processor client-1761237381738-rde3hdsni] ✅ _extract_text_from_input returned: success=True
2025-10-23 16:36:26 - src.unified_input_processor - ERROR - [Unified Processor client-1761237381738-rde3hdsni] 🎬 _process_citations_unified CALLED!
2025-10-23 16:36:26 - src.unified_input_processor - ERROR - [Unified Processor client-1761237381738-rde3hdsni] Processing citations from url
2025-10-23 16:36:26 - src.unified_input_processor - ERROR - [Unified Processor client-1761237381738-rde3hdsni] Text length: 39570 characters
2025-10-23 16:36:26 - src.unified_input_processor - ERROR - [Unified Processor client-1761237381738-rde3hdsni] Text preview: IN THE SUPREME COURT OF NORTH CAROLINA No. 303A20-2 Filed October 2025 ESTATE OF MELVIN JOSEPH LONG, by and through MARLA HUDSON LONG, Administratrix, v. JAMES D. FOWLER, individually; DAVID A. MATTHE...
2025-10-23 16:36:26 - src.unified_input_processor - ERROR - [Unified Processor client-1761237381738-rde3hdsni] Input metadata: {'input_type': 'url', 'url': 'https://appellate.nccourts.org/opinions/?c=1&pdf=45257', 'url_domain': 'appellate.nccourts.org', 'content_length': 39570, 'source': 'url_fetch'}
2025-10-23 16:36:26 - src.unified_input_processor - INFO - [Unified Processor client-1761237381738-rde3hdsni] Checking if should process immediately...
2025-10-23 16:36:26 - src.api.services.citation_service - INFO - [CitationService] Using automatic sync/async routing based on content size
2025-10-23 16:36:26 - src.api.services.citation_service - INFO - Text size 39570 bytes >= 5120 bytes - using ASYNC processing
2025-10-23 16:36:26 - src.unified_input_processor - INFO - [Unified Processor client-1761237381738-rde3hdsni] Should process immediately: False
2025-10-23 16:36:26 - src.unified_input_processor - ERROR - [Unified Processor client-1761237381738-rde3hdsni] 🚀 ASYNC PATH TRIGGERED - Queuing for async processing (large content)
2025-10-23 16:36:26 - src.unified_input_processor - ERROR - [Unified Processor client-1761237381738-rde3hdsni] 📝 Text length: 39570 chars
2025-10-23 16:36:26 - src.unified_input_processor - ERROR - [Unified Processor client-1761237381738-rde3hdsni] 📋 Source: url, Input type from metadata: url
2025-10-23 16:36:27 - src.unified_input_processor - ERROR - [Unified Processor client-1761237381738-rde3hdsni] ✅ Imported RQ and Redis modules
2025-10-23 16:36:27 - src.unified_input_processor - ERROR - [Unified Processor client-1761237381738-rde3hdsni] 🔍 Trying 3 Redis configurations...
2025-10-23 16:36:27 - src.unified_input_processor - ERROR - [Unified Processor client-1761237381738-rde3hdsni] 🔗 Attempt 1: Connecting to redis://:caseStrainerRedis123@casestrainer-redis-prod:6379/0
2025-10-23 16:36:27 - src.unified_input_processor - ERROR - [Unified Processor client-1761237381738-rde3hdsni] ✅ Connected to Redis: redis://:caseStrainerRedis123@casestrainer-redis-prod:6379/0
2025-10-23 16:36:27 - src.unified_input_processor - ERROR - [Unified Processor client-1761237381738-rde3hdsni] 🎯 Creating queue 'casestrainer'...
2025-10-23 16:36:27 - src.unified_input_processor - ERROR - [Unified Processor client-1761237381738-rde3hdsni] ✅ Queue created successfully
2025-10-23 16:36:27 - src.unified_input_processor - ERROR - [Unified Processor client-1761237381738-rde3hdsni] 📤 About to enqueue job...
2025-10-23 16:36:27 - src.unified_input_processor - ERROR - [Unified Processor client-1761237381738-rde3hdsni]    Function: src.progress_manager.process_citation_task_direct
2025-10-23 16:36:27 - src.unified_input_processor - ERROR - [Unified Processor client-1761237381738-rde3hdsni]    Args: (client-1761237381738-rde3hdsni, 'text', {text: 39570 chars})
2025-10-23 16:36:27 - src.unified_input_processor - ERROR - [Unified Processor client-1761237381738-rde3hdsni]    Job ID: client-1761237381738-rde3hdsni
2025-10-23 16:36:27 - rq.queue - DEBUG - Pushed job client-1761237381738-rde3hdsni into casestrainer
2025-10-23 16:36:27 - src.unified_input_processor - ERROR - [Unified Processor client-1761237381738-rde3hdsni] ✅ Task enqueued successfully!
2025-10-23 16:36:27 - src.unified_input_processor - ERROR - [Unified Processor client-1761237381738-rde3hdsni]    Job ID: client-1761237381738-rde3hdsni
2025-10-23 16:36:27 - src.unified_input_processor - ERROR - [Unified Processor client-1761237381738-rde3hdsni]    Job status: queued
2025-10-23 16:36:27 - src.vue_api_endpoints_updated - INFO - [Request client-1761237381738-rde3hdsni] Request completed successfully in 5964ms
2025-10-23 16:36:27 - src.app_final_vue - INFO - [RESPONSE #3270] GET vue_api.processing_progress -> 200 (255 chars)
2025-10-23 16:36:27 - src.app_final_vue - INFO - [RESPONSE #3271] POST vue_api.analyze -> 200 (1542 chars)
2025-10-23 16:36:27 - src.vue_api_endpoints_updated - INFO - Checking status for task_id: client-1761237381738-rde3hdsni
2025-10-23 16:36:27 - src.vue_api_endpoints_updated - INFO - Connecting to Redis at: redis://:caseStrainerRedis123@casestrainer-redis-prod:6379/0
2025-10-23 16:36:27 - src.vue_api_endpoints_updated - INFO - Successfully connected to Redis
2025-10-23 16:36:27 - rq.queue - DEBUG - Getting jobs for queue casestrainer: 0 found.
2025-10-23 16:36:27 - src.vue_api_endpoints_updated - INFO - Found 0 jobs in queue. Job IDs: []
2025-10-23 16:36:27 - src.vue_api_endpoints_updated - INFO - Job client-1761237381738-rde3hdsni status: started
2025-10-23 16:36:27 - src.vue_api_endpoints_updated - INFO - Job client-1761237381738-rde3hdsni meta: {}
2025-10-23 16:36:27 - src.vue_api_endpoints_updated - INFO - Job client-1761237381738-rde3hdsni is_finished: False
2025-10-23 16:36:27 - src.vue_api_endpoints_updated - INFO - Job client-1761237381738-rde3hdsni is_failed: False
2025-10-23 16:36:27 - src.vue_api_endpoints_updated - INFO - Job client-1761237381738-rde3hdsni is_started: True
2025-10-23 16:36:27 - src.vue_api_endpoints_updated - INFO - Job client-1761237381738-rde3hdsni is_queued: False
2025-10-23 16:36:27 - src.app_final_vue - INFO - [RESPONSE #3272] GET vue_api.task_status -> 200 (157 chars)
2025-10-23 16:36:27 - src.app_final_vue - INFO - [RESPONSE #3273] GET vue_api.processing_progress -> 200 (255 chars)
2025-10-23 16:36:29 - src.vue_api_endpoints_updated - INFO - Checking status for task_id: client-1761237381738-rde3hdsni
2025-10-23 16:36:29 - src.vue_api_endpoints_updated - INFO - Connecting to Redis at: redis://:caseStrainerRedis123@casestrainer-redis-prod:6379/0
2025-10-23 16:36:29 - src.vue_api_endpoints_updated - INFO - Successfully connected to Redis
2025-10-23 16:36:29 - rq.queue - DEBUG - Getting jobs for queue casestrainer: 0 found.
2025-10-23 16:36:29 - src.vue_api_endpoints_updated - INFO - Found 0 jobs in queue. Job IDs: []
2025-10-23 16:36:29 - src.vue_api_endpoints_updated - INFO - Job client-1761237381738-rde3hdsni status: started
2025-10-23 16:36:29 - src.vue_api_endpoints_updated - INFO - Job client-1761237381738-rde3hdsni meta: {}
2025-10-23 16:36:29 - src.vue_api_endpoints_updated - INFO - Job client-1761237381738-rde3hdsni is_finished: False
2025-10-23 16:36:29 - src.vue_api_endpoints_updated - INFO - Job client-1761237381738-rde3hdsni is_failed: False
2025-10-23 16:36:29 - src.vue_api_endpoints_updated - INFO - Job client-1761237381738-rde3hdsni is_started: True
2025-10-23 16:36:29 - src.vue_api_endpoints_updated - INFO - Job client-1761237381738-rde3hdsni is_queued: False
2025-10-23 16:36:29 - src.app_final_vue - INFO - [RESPONSE #3274] GET vue_api.task_status -> 200 (157 chars)
2025-10-23 16:36:29 - src.app_final_vue - INFO - [RESPONSE #3275] GET vue_api.processing_progress -> 200 (255 chars)
2025-10-23 16:36:30 - src.database_manager - ERROR - Database connection error: [Errno 2] No such file or directory: '/app/data/citations.db'
2025-10-23 16:36:30 - src.database_manager - ERROR - Failed to get database stats: [Errno 2] No such file or directory: '/app/data/citations.db'
2025-10-23 16:36:30 - src.app_final_vue - INFO - [RESPONSE #3276] GET vue_api.health_check -> 200 (444 chars)
2025-10-23 16:36:31 - src.vue_api_endpoints_updated - INFO - Checking status for task_id: client-1761237381738-rde3hdsni
2025-10-23 16:36:31 - src.vue_api_endpoints_updated - INFO - Connecting to Redis at: redis://:caseStrainerRedis123@casestrainer-redis-prod:6379/0
2025-10-23 16:36:31 - src.vue_api_endpoints_updated - INFO - Successfully connected to Redis
2025-10-23 16:36:31 - rq.queue - DEBUG - Getting jobs for queue casestrainer: 0 found.
2025-10-23 16:36:31 - src.vue_api_endpoints_updated - INFO - Found 0 jobs in queue. Job IDs: []
2025-10-23 16:36:31 - src.vue_api_endpoints_updated - INFO - Job client-1761237381738-rde3hdsni status: started
2025-10-23 16:36:31 - src.vue_api_endpoints_updated - INFO - Job client-1761237381738-rde3hdsni meta: {}
2025-10-23 16:36:31 - src.vue_api_endpoints_updated - INFO - Job client-1761237381738-rde3hdsni is_finished: False
2025-10-23 16:36:31 - src.vue_api_endpoints_updated - INFO - Job client-1761237381738-rde3hdsni is_failed: False
2025-10-23 16:36:31 - src.vue_api_endpoints_updated - INFO - Job client-1761237381738-rde3hdsni is_started: True
2025-10-23 16:36:31 - src.vue_api_endpoints_updated - INFO - Job client-1761237381738-rde3hdsni is_queued: False
2025-10-23 16:36:31 - src.app_final_vue - INFO - [RESPONSE #3277] GET vue_api.task_status -> 200 (157 chars)
2025-10-23 16:36:31 - src.app_final_vue - INFO - [RESPONSE #3278] GET vue_api.processing_progress -> 200 (255 chars)
2025-10-23 16:36:33 - src.vue_api_endpoints_updated - INFO - Checking status for task_id: client-1761237381738-rde3hdsni
2025-10-23 16:36:33 - src.vue_api_endpoints_updated - INFO - Connecting to Redis at: redis://:caseStrainerRedis123@casestrainer-redis-prod:6379/0
2025-10-23 16:36:33 - src.vue_api_endpoints_updated - INFO - Successfully connected to Redis
2025-10-23 16:36:33 - rq.queue - DEBUG - Getting jobs for queue casestrainer: 0 found.
2025-10-23 16:36:33 - src.vue_api_endpoints_updated - INFO - Found 0 jobs in queue. Job IDs: []
2025-10-23 16:36:33 - src.vue_api_endpoints_updated - INFO - Job client-1761237381738-rde3hdsni status: started
2025-10-23 16:36:33 - src.vue_api_endpoints_updated - INFO - Job client-1761237381738-rde3hdsni meta: {}
2025-10-23 16:36:33 - src.vue_api_endpoints_updated - INFO - Job client-1761237381738-rde3hdsni is_finished: False
2025-10-23 16:36:33 - src.vue_api_endpoints_updated - INFO - Job client-1761237381738-rde3hdsni is_failed: False
2025-10-23 16:36:33 - src.vue_api_endpoints_updated - INFO - Job client-1761237381738-rde3hdsni is_started: True
2025-10-23 16:36:33 - src.vue_api_endpoints_updated - INFO - Job client-1761237381738-rde3hdsni is_queued: False
2025-10-23 16:36:33 - src.app_final_vue - INFO - [RESPONSE #3279] GET vue_api.task_status -> 200 (157 chars)
2025-10-23 16:36:33 - src.app_final_vue - INFO - [RESPONSE #3280] GET vue_api.processing_progress -> 200 (255 chars)
2025-10-23 16:36:35 - src.vue_api_endpoints_updated - INFO - Checking status for task_id: client-1761237381738-rde3hdsni
2025-10-23 16:36:35 - src.vue_api_endpoints_updated - INFO - Connecting to Redis at: redis://:caseStrainerRedis123@casestrainer-redis-prod:6379/0
2025-10-23 16:36:35 - src.vue_api_endpoints_updated - INFO - Successfully connected to Redis
2025-10-23 16:36:35 - rq.queue - DEBUG - Getting jobs for queue casestrainer: 0 found.
2025-10-23 16:36:35 - src.vue_api_endpoints_updated - INFO - Found 0 jobs in queue. Job IDs: []
2025-10-23 16:36:35 - src.vue_api_endpoints_updated - INFO - Job client-1761237381738-rde3hdsni status: started
2025-10-23 16:36:35 - src.vue_api_endpoints_updated - INFO - Job client-1761237381738-rde3hdsni meta: {}
2025-10-23 16:36:35 - src.vue_api_endpoints_updated - INFO - Job client-1761237381738-rde3hdsni is_finished: False
2025-10-23 16:36:35 - src.vue_api_endpoints_updated - INFO - Job client-1761237381738-rde3hdsni is_failed: False
2025-10-23 16:36:35 - src.vue_api_endpoints_updated - INFO - Job client-1761237381738-rde3hdsni is_started: True
2025-10-23 16:36:35 - src.vue_api_endpoints_updated - INFO - Job client-1761237381738-rde3hdsni is_queued: False
2025-10-23 16:36:35 - src.app_final_vue - INFO - [RESPONSE #3281] GET vue_api.task_status -> 200 (157 chars)
2025-10-23 16:36:35 - src.app_final_vue - INFO - [RESPONSE #3282] GET vue_api.processing_progress -> 200 (255 chars)
2025-10-23 16:36:37 - src.vue_api_endpoints_updated - INFO - Checking status for task_id: client-1761237381738-rde3hdsni
2025-10-23 16:36:37 - src.vue_api_endpoints_updated - INFO - Connecting to Redis at: redis://:caseStrainerRedis123@casestrainer-redis-prod:6379/0
2025-10-23 16:36:37 - src.vue_api_endpoints_updated - INFO - Successfully connected to Redis
2025-10-23 16:36:37 - rq.queue - DEBUG - Getting jobs for queue casestrainer: 0 found.
2025-10-23 16:36:37 - src.vue_api_endpoints_updated - INFO - Found 0 jobs in queue. Job IDs: []
2025-10-23 16:36:37 - src.vue_api_endpoints_updated - INFO - Job client-1761237381738-rde3hdsni status: started
2025-10-23 16:36:37 - src.vue_api_endpoints_updated - INFO - Job client-1761237381738-rde3hdsni meta: {}
2025-10-23 16:36:37 - src.vue_api_endpoints_updated - INFO - Job client-1761237381738-rde3hdsni is_finished: False
2025-10-23 16:36:37 - src.vue_api_endpoints_updated - INFO - Job client-1761237381738-rde3hdsni is_failed: False
2025-10-23 16:36:37 - src.vue_api_endpoints_updated - INFO - Job client-1761237381738-rde3hdsni is_started: True
2025-10-23 16:36:37 - src.vue_api_endpoints_updated - INFO - Job client-1761237381738-rde3hdsni is_queued: False
2025-10-23 16:36:37 - src.app_final_vue - INFO - [RESPONSE #3283] GET vue_api.task_status -> 200 (157 chars)
2025-10-23 16:36:37 - src.app_final_vue - INFO - [RESPONSE #3284] GET vue_api.processing_progress -> 200 (255 chars)
2025-10-23 16:36:39 - src.vue_api_endpoints_updated - INFO - Checking status for task_id: client-1761237381738-rde3hdsni
2025-10-23 16:36:39 - src.vue_api_endpoints_updated - INFO - Connecting to Redis at: redis://:caseStrainerRedis123@casestrainer-redis-prod:6379/0
2025-10-23 16:36:39 - src.vue_api_endpoints_updated - INFO - Successfully connected to Redis
2025-10-23 16:36:39 - rq.queue - DEBUG - Getting jobs for queue casestrainer: 0 found.
2025-10-23 16:36:39 - src.vue_api_endpoints_updated - INFO - Found 0 jobs in queue. Job IDs: []
2025-10-23 16:36:39 - src.vue_api_endpoints_updated - INFO - Job client-1761237381738-rde3hdsni status: started
2025-10-23 16:36:39 - src.vue_api_endpoints_updated - INFO - Job client-1761237381738-rde3hdsni meta: {}
2025-10-23 16:36:39 - src.vue_api_endpoints_updated - INFO - Job client-1761237381738-rde3hdsni is_finished: False
2025-10-23 16:36:39 - src.vue_api_endpoints_updated - INFO - Job client-1761237381738-rde3hdsni is_failed: False
2025-10-23 16:36:39 - src.vue_api_endpoints_updated - INFO - Job client-1761237381738-rde3hdsni is_started: True
2025-10-23 16:36:39 - src.vue_api_endpoints_updated - INFO - Job client-1761237381738-rde3hdsni is_queued: False
2025-10-23 16:36:39 - src.app_final_vue - INFO - [RESPONSE #3285] GET vue_api.task_status -> 200 (157 chars)
2025-10-23 16:36:39 - src.app_final_vue - INFO - [RESPONSE #3286] GET vue_api.processing_progress -> 200 (255 chars)
2025-10-23 16:36:41 - src.vue_api_endpoints_updated - INFO - Checking status for task_id: client-1761237381738-rde3hdsni
2025-10-23 16:36:41 - src.vue_api_endpoints_updated - INFO - Connecting to Redis at: redis://:caseStrainerRedis123@casestrainer-redis-prod:6379/0
2025-10-23 16:36:41 - src.vue_api_endpoints_updated - INFO - Successfully connected to Redis
2025-10-23 16:36:41 - rq.queue - DEBUG - Getting jobs for queue casestrainer: 0 found.
2025-10-23 16:36:41 - src.vue_api_endpoints_updated - INFO - Found 0 jobs in queue. Job IDs: []
2025-10-23 16:36:41 - src.vue_api_endpoints_updated - INFO - Job client-1761237381738-rde3hdsni status: started
2025-10-23 16:36:41 - src.vue_api_endpoints_updated - INFO - Job client-1761237381738-rde3hdsni meta: {}
2025-10-23 16:36:41 - src.vue_api_endpoints_updated - INFO - Job client-1761237381738-rde3hdsni is_finished: False
2025-10-23 16:36:41 - src.vue_api_endpoints_updated - INFO - Job client-1761237381738-rde3hdsni is_failed: False
2025-10-23 16:36:41 - src.vue_api_endpoints_updated - INFO - Job client-1761237381738-rde3hdsni is_started: True
2025-10-23 16:36:41 - src.vue_api_endpoints_updated - INFO - Job client-1761237381738-rde3hdsni is_queued: False
2025-10-23 16:36:41 - src.app_final_vue - INFO - [RESPONSE #3287] GET vue_api.task_status -> 200 (157 chars)
2025-10-23 16:36:41 - src.app_final_vue - INFO - [RESPONSE #3288] GET vue_api.processing_progress -> 200 (255 chars)
2025-10-23 16:36:42 - src.memory_monitor - INFO - Memory usage: 115.6MB (0.7%)
2025-10-23 16:36:43 - src.vue_api_endpoints_updated - INFO - Checking status for task_id: client-1761237381738-rde3hdsni
2025-10-23 16:36:43 - src.vue_api_endpoints_updated - INFO - Connecting to Redis at: redis://:caseStrainerRedis123@casestrainer-redis-prod:6379/0
2025-10-23 16:36:43 - src.vue_api_endpoints_updated - INFO - Successfully connected to Redis
2025-10-23 16:36:43 - rq.queue - DEBUG - Getting jobs for queue casestrainer: 0 found.
2025-10-23 16:36:43 - src.vue_api_endpoints_updated - INFO - Found 0 jobs in queue. Job IDs: []
2025-10-23 16:36:43 - src.vue_api_endpoints_updated - INFO - Job client-1761237381738-rde3hdsni status: started
2025-10-23 16:36:43 - src.vue_api_endpoints_updated - INFO - Job client-1761237381738-rde3hdsni meta: {}
2025-10-23 16:36:43 - src.vue_api_endpoints_updated - INFO - Job client-1761237381738-rde3hdsni is_finished: False
2025-10-23 16:36:43 - src.vue_api_endpoints_updated - INFO - Job client-1761237381738-rde3hdsni is_failed: False
2025-10-23 16:36:43 - src.vue_api_endpoints_updated - INFO - Job client-1761237381738-rde3hdsni is_started: True
2025-10-23 16:36:43 - src.vue_api_endpoints_updated - INFO - Job client-1761237381738-rde3hdsni is_queued: False
2025-10-23 16:36:43 - src.app_final_vue - INFO - [RESPONSE #3289] GET vue_api.task_status -> 200 (157 chars)
2025-10-23 16:36:43 - src.app_final_vue - INFO - [RESPONSE #3290] GET vue_api.processing_progress -> 200 (255 chars)
2025-10-23 16:36:45 - src.vue_api_endpoints_updated - INFO - Checking status for task_id: client-1761237381738-rde3hdsni
2025-10-23 16:36:45 - src.vue_api_endpoints_updated - INFO - Connecting to Redis at: redis://:caseStrainerRedis123@casestrainer-redis-prod:6379/0
2025-10-23 16:36:45 - src.vue_api_endpoints_updated - INFO - Successfully connected to Redis
2025-10-23 16:36:45 - rq.queue - DEBUG - Getting jobs for queue casestrainer: 0 found.
2025-10-23 16:36:45 - src.vue_api_endpoints_updated - INFO - Found 0 jobs in queue. Job IDs: []
2025-10-23 16:36:45 - src.vue_api_endpoints_updated - INFO - Job client-1761237381738-rde3hdsni status: started
2025-10-23 16:36:45 - src.vue_api_endpoints_updated - INFO - Job client-1761237381738-rde3hdsni meta: {}
2025-10-23 16:36:45 - src.vue_api_endpoints_updated - INFO - Job client-1761237381738-rde3hdsni is_finished: False
2025-10-23 16:36:45 - src.vue_api_endpoints_updated - INFO - Job client-1761237381738-rde3hdsni is_failed: False
2025-10-23 16:36:45 - src.vue_api_endpoints_updated - INFO - Job client-1761237381738-rde3hdsni is_started: True
2025-10-23 16:36:45 - src.vue_api_endpoints_updated - INFO - Job client-1761237381738-rde3hdsni is_queued: False
2025-10-23 16:36:45 - src.app_final_vue - INFO - [RESPONSE #3291] GET vue_api.task_status -> 200 (157 chars)
2025-10-23 16:36:45 - src.app_final_vue - INFO - [RESPONSE #3292] GET vue_api.processing_progress -> 200 (255 chars)
2025-10-23 16:36:47 - src.vue_api_endpoints_updated - INFO - Checking status for task_id: client-1761237381738-rde3hdsni
2025-10-23 16:36:47 - src.vue_api_endpoints_updated - INFO - Connecting to Redis at: redis://:caseStrainerRedis123@casestrainer-redis-prod:6379/0
2025-10-23 16:36:47 - src.vue_api_endpoints_updated - INFO - Successfully connected to Redis
2025-10-23 16:36:47 - rq.queue - DEBUG - Getting jobs for queue casestrainer: 0 found.
2025-10-23 16:36:47 - src.vue_api_endpoints_updated - INFO - Found 0 jobs in queue. Job IDs: []
2025-10-23 16:36:47 - src.vue_api_endpoints_updated - INFO - Job client-1761237381738-rde3hdsni status: started
2025-10-23 16:36:47 - src.vue_api_endpoints_updated - INFO - Job client-1761237381738-rde3hdsni meta: {}
2025-10-23 16:36:47 - src.vue_api_endpoints_updated - INFO - Job client-1761237381738-rde3hdsni is_finished: False
2025-10-23 16:36:47 - src.vue_api_endpoints_updated - INFO - Job client-1761237381738-rde3hdsni is_failed: False
2025-10-23 16:36:47 - src.vue_api_endpoints_updated - INFO - Job client-1761237381738-rde3hdsni is_started: True
2025-10-23 16:36:47 - src.vue_api_endpoints_updated - INFO - Job client-1761237381738-rde3hdsni is_queued: False
2025-10-23 16:36:47 - src.app_final_vue - INFO - [RESPONSE #3293] GET vue_api.task_status -> 200 (157 chars)
2025-10-23 16:36:47 - src.app_final_vue - INFO - [RESPONSE #3294] GET vue_api.processing_progress -> 200 (255 chars)
2025-10-23 16:36:49 - src.vue_api_endpoints_updated - INFO - Checking status for task_id: client-1761237381738-rde3hdsni
2025-10-23 16:36:49 - src.vue_api_endpoints_updated - INFO - Connecting to Redis at: redis://:caseStrainerRedis123@casestrainer-redis-prod:6379/0
2025-10-23 16:36:49 - src.vue_api_endpoints_updated - INFO - Successfully connected to Redis
2025-10-23 16:36:49 - rq.queue - DEBUG - Getting jobs for queue casestrainer: 0 found.
2025-10-23 16:36:49 - src.vue_api_endpoints_updated - INFO - Found 0 jobs in queue. Job IDs: []
2025-10-23 16:36:49 - src.vue_api_endpoints_updated - INFO - Job client-1761237381738-rde3hdsni status: started
2025-10-23 16:36:49 - src.vue_api_endpoints_updated - INFO - Job client-1761237381738-rde3hdsni meta: {}
2025-10-23 16:36:49 - src.vue_api_endpoints_updated - INFO - Job client-1761237381738-rde3hdsni is_finished: False
2025-10-23 16:36:49 - src.vue_api_endpoints_updated - INFO - Job client-1761237381738-rde3hdsni is_failed: False
2025-10-23 16:36:49 - src.vue_api_endpoints_updated - INFO - Job client-1761237381738-rde3hdsni is_started: True
2025-10-23 16:36:49 - src.vue_api_endpoints_updated - INFO - Job client-1761237381738-rde3hdsni is_queued: False
2025-10-23 16:36:49 - src.app_final_vue - INFO - [RESPONSE #3295] GET vue_api.task_status -> 200 (157 chars)
2025-10-23 16:36:49 - src.app_final_vue - INFO - [RESPONSE #3296] GET vue_api.processing_progress -> 200 (255 chars)
2025-10-23 16:36:51 - src.vue_api_endpoints_updated - INFO - Checking status for task_id: client-1761237381738-rde3hdsni
2025-10-23 16:36:51 - src.vue_api_endpoints_updated - INFO - Connecting to Redis at: redis://:caseStrainerRedis123@casestrainer-redis-prod:6379/0
2025-10-23 16:36:51 - src.vue_api_endpoints_updated - INFO - Successfully connected to Redis
2025-10-23 16:36:51 - rq.queue - DEBUG - Getting jobs for queue casestrainer: 0 found.
2025-10-23 16:36:51 - src.vue_api_endpoints_updated - INFO - Found 0 jobs in queue. Job IDs: []
2025-10-23 16:36:51 - src.vue_api_endpoints_updated - INFO - Job client-1761237381738-rde3hdsni status: started
2025-10-23 16:36:51 - src.vue_api_endpoints_updated - INFO - Job client-1761237381738-rde3hdsni meta: {}
2025-10-23 16:36:51 - src.vue_api_endpoints_updated - INFO - Job client-1761237381738-rde3hdsni is_finished: False
2025-10-23 16:36:51 - src.vue_api_endpoints_updated - INFO - Job client-1761237381738-rde3hdsni is_failed: False
2025-10-23 16:36:51 - src.vue_api_endpoints_updated - INFO - Job client-1761237381738-rde3hdsni is_started: True
2025-10-23 16:36:51 - src.vue_api_endpoints_updated - INFO - Job client-1761237381738-rde3hdsni is_queued: False
2025-10-23 16:36:51 - src.app_final_vue - INFO - [RESPONSE #3297] GET vue_api.task_status -> 200 (157 chars)
2025-10-23 16:36:51 - src.app_final_vue - INFO - [RESPONSE #3298] GET vue_api.processing_progress -> 200 (255 chars)
2025-10-23 16:36:53 - src.vue_api_endpoints_updated - INFO - Checking status for task_id: client-1761237381738-rde3hdsni
2025-10-23 16:36:53 - src.vue_api_endpoints_updated - INFO - Connecting to Redis at: redis://:caseStrainerRedis123@casestrainer-redis-prod:6379/0
2025-10-23 16:36:53 - src.vue_api_endpoints_updated - INFO - Successfully connected to Redis
2025-10-23 16:36:53 - rq.queue - DEBUG - Getting jobs for queue casestrainer: 0 found.
2025-10-23 16:36:53 - src.vue_api_endpoints_updated - INFO - Found 0 jobs in queue. Job IDs: []
2025-10-23 16:36:53 - src.vue_api_endpoints_updated - INFO - Job client-1761237381738-rde3hdsni status: finished
2025-10-23 16:36:53 - src.vue_api_endpoints_updated - INFO - Job client-1761237381738-rde3hdsni meta: {}
2025-10-23 16:36:53 - src.vue_api_endpoints_updated - INFO - Job client-1761237381738-rde3hdsni is_finished: True
2025-10-23 16:36:53 - src.vue_api_endpoints_updated - INFO - Job client-1761237381738-rde3hdsni is_failed: False
2025-10-23 16:36:53 - src.vue_api_endpoints_updated - INFO - Job client-1761237381738-rde3hdsni is_started: False
2025-10-23 16:36:53 - src.vue_api_endpoints_updated - INFO - Job client-1761237381738-rde3hdsni is_queued: False
2025-10-23 16:36:53 - src.vue_api_endpoints_updated - INFO - Job client-1761237381738-rde3hdsni result type: <class 'dict'>
2025-10-23 16:36:53 - src.vue_api_endpoints_updated - INFO - Job client-1761237381738-rde3hdsni result keys: dict_keys(['success', 'task_id', 'status', 'result'])
2025-10-23 16:36:53 - src.vue_api_endpoints_updated - INFO - Job client-1761237381738-rde3hdsni citations count: 0
2025-10-23 16:36:53 - src.vue_api_endpoints_updated - INFO - Job client-1761237381738-rde3hdsni clusters count: 0
2025-10-23 16:36:53 - src.vue_api_endpoints_updated - INFO - Job client-1761237381738-rde3hdsni success: True
2025-10-23 16:36:53 - src.vue_api_endpoints_updated - INFO - Job client-1761237381738-rde3hdsni status: completed
2025-10-23 16:36:53 - src.app_final_vue - INFO - [RESPONSE #3299] GET vue_api.task_status -> 200 (47200 chars)
2025-10-23 16:37:00 - src.database_manager - ERROR - Database connection error: [Errno 2] No such file or directory: '/app/data/citations.db'
2025-10-23 16:37:00 - src.database_manager - ERROR - Failed to get database stats: [Errno 2] No such file or directory: '/app/data/citations.db'
2025-10-23 16:37:00 - src.app_final_vue - INFO - [RESPONSE #3300] GET vue_api.health_check -> 200 (444 chars)
2025-10-23 16:37:30 - src.database_manager - ERROR - Database connection error: [Errno 2] No such file or directory: '/app/data/citations.db'
2025-10-23 16:37:30 - src.database_manager - ERROR - Failed to get database stats: [Errno 2] No such file or directory: '/app/data/citations.db'
2025-10-23 16:37:30 - src.app_final_vue - INFO - [RESPONSE #3301] GET vue_api.health_check -> 200 (444 chars)
2025-10-23 16:37:42 - src.memory_monitor - INFO - Memory usage: 115.6MB (0.7%)
2025-10-23 16:38:01 - src.database_manager - ERROR - Database connection error: [Errno 2] No such file or directory: '/app/data/citations.db'
2025-10-23 16:38:01 - src.database_manager - ERROR - Failed to get database stats: [Errno 2] No such file or directory: '/app/data/citations.db'
2025-10-23 16:38:01 - src.app_final_vue - INFO - [RESPONSE #3302] GET vue_api.health_check -> 200 (444 chars)
2025-10-23 16:38:31 - src.database_manager - ERROR - Database connection error: [Errno 2] No such file or directory: '/app/data/citations.db'
2025-10-23 16:38:31 - src.database_manager - ERROR - Failed to get database stats: [Errno 2] No such file or directory: '/app/data/citations.db'
2025-10-23 16:38:31 - src.app_final_vue - INFO - [RESPONSE #3303] GET vue_api.health_check -> 200 (444 chars)
2025-10-23 16:38:42 - src.memory_monitor - INFO - Memory usage: 115.6MB (0.7%)
2025-10-23 16:39:01 - src.database_manager - ERROR - Database connection error: [Errno 2] No such file or directory: '/app/data/citations.db'
2025-10-23 16:39:01 - src.database_manager - ERROR - Failed to get database stats: [Errno 2] No such file or directory: '/app/data/citations.db'
2025-10-23 16:39:01 - src.app_final_vue - INFO - [RESPONSE #3304] GET vue_api.health_check -> 200 (444 chars)
2025-10-23 16:39:31 - src.database_manager - ERROR - Database connection error: [Errno 2] No such file or directory: '/app/data/citations.db'
2025-10-23 16:39:31 - src.database_manager - ERROR - Failed to get database stats: [Errno 2] No such file or directory: '/app/data/citations.db'
2025-10-23 16:39:31 - src.app_final_vue - INFO - [RESPONSE #3305] GET vue_api.health_check -> 200 (444 chars)
2025-10-23 16:39:42 - src.memory_monitor - INFO - Memory usage: 115.6MB (0.7%)
2025-10-23 16:46:27 - root - INFO - Configured case_name_extraction logger to level: INFO (20)
2025-10-23 16:46:27 - src.app_final_vue - INFO - === Logging Configuration ===
2025-10-23 16:46:27 - src.app_final_vue - INFO - Python version: 3.10.19 (main, Oct 21 2025, 02:10:12) [GCC 14.2.0]
2025-10-23 16:46:27 - src.app_final_vue - INFO - Working directory: /app
2025-10-23 16:46:27 - src.app_final_vue - INFO - ✅ PDFMiner DEBUG logging suppressed
2025-10-23 16:46:27 - src.app_final_vue - INFO - Configuration loaded successfully
2025-10-23 16:46:27 - src.app_final_vue - INFO - Creating new Flask application instance
2025-10-23 16:46:27 - src.app_final_vue - INFO - 🔍 Starting memory monitoring...
2025-10-23 16:46:27 - src.memory_monitor - INFO - Memory monitoring started (threshold: 1024MB, interval: 60s)
2025-10-23 16:46:27 - src.app_final_vue - INFO - ✅ Memory monitoring started
2025-10-23 16:46:27 - src.app_final_vue - INFO - === STARTING BLUEPRINT REGISTRATION ===
2025-10-23 16:46:27 - src.app_final_vue - INFO - Current working directory: /app
2025-10-23 16:46:27 - src.app_final_vue - INFO - Python path: ['/app/src', '/usr/local/bin', '/app', '/usr/local/lib/python310.zip', '/usr/local/lib/python3.10', '/usr/local/lib/python3.10/lib-dynload', '/usr/local/lib/python3.10/site-packages', '/app']
2025-10-23 16:46:27 - src.api.blueprints - INFO - === REGISTERING BLUEPRINTS ===
2025-10-23 16:46:27 - src.api.blueprints - INFO - Current working directory: /app
2025-10-23 16:46:27 - src.api.blueprints - INFO - Python path: ['/app/src', '/usr/local/bin', '/app', '/usr/local/lib/python310.zip', '/usr/local/lib/python3.10', '/usr/local/lib/python3.10/lib-dynload', '/usr/local/lib/python3.10/site-packages', '/app']
2025-10-23 16:46:27 - src.api.blueprints - INFO - Attempting to import Vue API blueprint...
2025-10-23 16:46:27 - root - WARNING - [DEBUG] sys.executable: /usr/local/bin/python3.10
2025-10-23 16:46:27 - root - WARNING - [DEBUG] sys.path: ['/app/src', '/usr/local/bin', '/app', '/usr/local/lib/python310.zip', '/usr/local/lib/python3.10', '/usr/local/lib/python3.10/lib-dynload', '/usr/local/lib/python3.10/site-packages', '/app']
2025-10-23 16:46:27 - src.redis_distributed_processor - INFO - Redis connection established
2025-10-23 16:46:27 - src.api.blueprints - INFO - ✅ Successfully imported Vue API blueprint from UPDATED endpoints (production version)
2025-10-23 16:46:27 - src.api.blueprints - INFO - Blueprint details: <Blueprint 'vue_api'>
2025-10-23 16:46:27 - src.api.blueprints - INFO - - Name: vue_api
2025-10-23 16:46:28 - src.api.blueprints - INFO - - Import Name: src.vue_api_endpoints_updated
2025-10-23 16:46:28 - src.api.blueprints - INFO - Registering Vue API blueprint...
2025-10-23 16:46:28 - src.api.blueprints - INFO - ✅ Vue API blueprint registered successfully
2025-10-23 16:46:28 - src.api.blueprints - INFO - 
=== CURRENTLY REGISTERED BLUEPRINTS ===
2025-10-23 16:46:28 - src.api.blueprints - INFO - - vue_api: <Blueprint 'vue_api'>
2025-10-23 16:46:28 - src.api.blueprints - INFO -   - URL Prefix: None
2025-10-23 16:46:28 - src.api.blueprints - INFO -   - Import Name: src.vue_api_endpoints_updated
2025-10-23 16:46:28 - src.app_final_vue - INFO - ✅ Successfully registered all blueprints
2025-10-23 16:46:28 - src.app_final_vue - INFO - ✅ Vue API blueprint registered successfully
2025-10-23 16:46:28 - src.app_final_vue - INFO - === REGISTERED BLUEPRINTS ===
2025-10-23 16:46:28 - src.app_final_vue - INFO - - vue_api: <Blueprint 'vue_api'>
2025-10-23 16:46:28 - src.app_final_vue - INFO -   - URL Prefix: None
2025-10-23 16:46:28 - src.app_final_vue - INFO -   - Import Name: src.vue_api_endpoints_updated
2025-10-23 16:46:28 - src.app_final_vue - INFO - 
=== REGISTERED ROUTES ===
2025-10-23 16:46:28 - src.app_final_vue - INFO - - static: /casestrainer/<path:filename> (OPTIONS, HEAD, GET)
2025-10-23 16:46:28 - src.app_final_vue - INFO - - vue_api.analyze: /casestrainer/api/analyze (POST, OPTIONS)
2025-10-23 16:46:28 - src.app_final_vue - INFO - - vue_api.progress_stream: /casestrainer/api/analyze/progress-stream/<request_id> (OPTIONS, HEAD, GET)
2025-10-23 16:46:28 - src.app_final_vue - INFO - - vue_api.verification_results: /casestrainer/api/analyze/verification-results/<request_id> (OPTIONS, HEAD, GET)
2025-10-23 16:46:28 - src.app_final_vue - INFO - - vue_api.verification_status: /casestrainer/api/analyze/verification-status/<request_id> (OPTIONS, HEAD, GET)
2025-10-23 16:46:28 - src.app_final_vue - INFO - - vue_api.verification_stream: /casestrainer/api/analyze/verification-stream/<request_id> (OPTIONS, HEAD, GET)
2025-10-23 16:46:28 - src.app_final_vue - INFO - - vue_api.health_check_alias: /casestrainer/api/casestrainer/api/health (OPTIONS, HEAD, GET)
2025-10-23 16:46:28 - src.app_final_vue - INFO - - vue_api.db_stats: /casestrainer/api/db_stats (OPTIONS, HEAD, GET)
2025-10-23 16:46:28 - src.app_final_vue - INFO - - vue_api.health_check: /casestrainer/api/health (OPTIONS, HEAD, GET)
2025-10-23 16:46:28 - src.app_final_vue - INFO - - vue_api.processing_progress: /casestrainer/api/processing_progress (OPTIONS, HEAD, GET)
2025-10-23 16:46:28 - src.app_final_vue - INFO - - vue_api.task_status: /casestrainer/api/task_status/<task_id> (OPTIONS, HEAD, GET)
2025-10-23 16:46:28 - src.app_final_vue - INFO - CORS configured for origins: ['https://wolf.law.uw.edu', 'http://localhost:5000', 'http://localhost:8080']
2025-10-23 16:46:28 - src.app_final_vue - INFO - Upload directory ready: /app/uploads
2025-10-23 16:46:28 - src.app_final_vue - INFO - Secure upload directory setup completed: /app/uploads
2025-10-23 16:46:28 - src.app_final_vue - INFO - Application routes registered
2025-10-23 16:46:28 - src.app_final_vue - INFO - === REGISTERED ROUTES ===
2025-10-23 16:46:28 - src.app_final_vue - INFO - Route: /casestrainer/<path:filename> -> Endpoint: static
2025-10-23 16:46:28 - src.app_final_vue - INFO - Route: /casestrainer/api/health -> Endpoint: vue_api.health_check
2025-10-23 16:46:28 - src.app_final_vue - INFO - DEBUG ROUTE: /casestrainer/api/health -> vue_api.health_check (methods: {'OPTIONS', 'HEAD', 'GET'})
2025-10-23 16:46:28 - src.app_final_vue - INFO - Route: /casestrainer/api/casestrainer/api/health -> Endpoint: vue_api.health_check_alias
2025-10-23 16:46:28 - src.app_final_vue - INFO - DEBUG ROUTE: /casestrainer/api/casestrainer/api/health -> vue_api.health_check_alias (methods: {'OPTIONS', 'HEAD', 'GET'})
2025-10-23 16:46:28 - src.app_final_vue - INFO - Route: /casestrainer/api/db_stats -> Endpoint: vue_api.db_stats
2025-10-23 16:46:28 - src.app_final_vue - INFO - DEBUG ROUTE: /casestrainer/api/db_stats -> vue_api.db_stats (methods: {'OPTIONS', 'HEAD', 'GET'})
2025-10-23 16:46:28 - src.app_final_vue - INFO - Route: /casestrainer/api/analyze -> Endpoint: vue_api.analyze
2025-10-23 16:46:28 - src.app_final_vue - INFO - DEBUG ROUTE: /casestrainer/api/analyze -> vue_api.analyze (methods: {'POST', 'OPTIONS'})
2025-10-23 16:46:28 - src.app_final_vue - INFO - Route: /casestrainer/api/task_status/<task_id> -> Endpoint: vue_api.task_status
2025-10-23 16:46:28 - src.app_final_vue - INFO - DEBUG ROUTE: /casestrainer/api/task_status/<task_id> -> vue_api.task_status (methods: {'OPTIONS', 'HEAD', 'GET'})
2025-10-23 16:46:28 - src.app_final_vue - INFO - Route: /casestrainer/api/processing_progress -> Endpoint: vue_api.processing_progress
2025-10-23 16:46:28 - src.app_final_vue - INFO - DEBUG ROUTE: /casestrainer/api/processing_progress -> vue_api.processing_progress (methods: {'OPTIONS', 'HEAD', 'GET'})
2025-10-23 16:46:28 - src.app_final_vue - INFO - Route: /casestrainer/api/analyze/progress-stream/<request_id> -> Endpoint: vue_api.progress_stream
2025-10-23 16:46:28 - src.app_final_vue - INFO - DEBUG ROUTE: /casestrainer/api/analyze/progress-stream/<request_id> -> vue_api.progress_stream (methods: {'OPTIONS', 'HEAD', 'GET'})
2025-10-23 16:46:28 - src.app_final_vue - INFO - Route: /casestrainer/api/analyze/verification-stream/<request_id> -> Endpoint: vue_api.verification_stream
2025-10-23 16:46:28 - src.app_final_vue - INFO - DEBUG ROUTE: /casestrainer/api/analyze/verification-stream/<request_id> -> vue_api.verification_stream (methods: {'OPTIONS', 'HEAD', 'GET'})
2025-10-23 16:46:28 - src.app_final_vue - INFO - Route: /casestrainer/api/analyze/verification-status/<request_id> -> Endpoint: vue_api.verification_status
2025-10-23 16:46:28 - src.app_final_vue - INFO - DEBUG ROUTE: /casestrainer/api/analyze/verification-status/<request_id> -> vue_api.verification_status (methods: {'OPTIONS', 'HEAD', 'GET'})
2025-10-23 16:46:28 - src.app_final_vue - INFO - Route: /casestrainer/api/analyze/verification-results/<request_id> -> Endpoint: vue_api.verification_results
2025-10-23 16:46:28 - src.app_final_vue - INFO - DEBUG ROUTE: /casestrainer/api/analyze/verification-results/<request_id> -> vue_api.verification_results (methods: {'OPTIONS', 'HEAD', 'GET'})
2025-10-23 16:46:28 - src.app_final_vue - INFO - Route: /casestrainer/ -> Endpoint: serve_vue_app
2025-10-23 16:46:28 - src.app_final_vue - INFO - Route: /casestrainer/<path:path> -> Endpoint: serve_vue_app
2025-10-23 16:46:28 - src.app_final_vue - INFO - Route: /test -> Endpoint: test
2025-10-23 16:46:28 - src.app_final_vue - INFO - Route: /casestrainer/api/routes -> Endpoint: list_routes
2025-10-23 16:46:28 - src.app_final_vue - INFO - DEBUG ROUTE: /casestrainer/api/routes -> list_routes (methods: {'OPTIONS', 'HEAD', 'GET'})
2025-10-23 16:46:28 - src.app_final_vue - INFO - Route: /casestrainer/api/memory -> Endpoint: memory_status
2025-10-23 16:46:28 - src.app_final_vue - INFO - DEBUG ROUTE: /casestrainer/api/memory -> memory_status (methods: {'OPTIONS', 'HEAD', 'GET'})
2025-10-23 16:46:28 - src.app_final_vue - INFO - Route: /casestrainer/api/memory/force-gc -> Endpoint: force_garbage_collection
2025-10-23 16:46:28 - src.app_final_vue - INFO - DEBUG ROUTE: /casestrainer/api/memory/force-gc -> force_garbage_collection (methods: {'POST', 'OPTIONS'})
2025-10-23 16:46:28 - src.app_final_vue - INFO - Flask application created successfully
2025-10-23 16:46:28 - waitress - INFO - Serving on http://0.0.0.0:5000
2025-10-23 16:46:28 - src.database_manager - INFO - Created new citations table
2025-10-23 16:46:29 - src.database_manager - INFO - Database indexes created/verified
2025-10-23 16:46:29 - src.database_manager - INFO - Database initialized with optimizations: /app/data/citations.db
2025-10-23 16:46:29 - src.app_final_vue - INFO - [RESPONSE #1] GET vue_api.health_check -> 200 (462 chars)
2025-10-23 16:46:30 - src.app_final_vue - INFO - [RESPONSE #2] GET vue_api.health_check -> 200 (446 chars)
2025-10-23 16:47:00 - src.app_final_vue - INFO - [RESPONSE #3] GET vue_api.health_check -> 200 (446 chars)
2025-10-23 16:47:30 - src.app_final_vue - INFO - [RESPONSE #4] GET vue_api.health_check -> 200 (446 chars)
2025-10-23 16:48:00 - src.app_final_vue - INFO - [RESPONSE #5] GET vue_api.health_check -> 200 (446 chars)
2025-10-23 16:48:31 - src.app_final_vue - INFO - [RESPONSE #6] GET vue_api.health_check -> 200 (446 chars)
2025-10-23 16:49:01 - src.app_final_vue - INFO - [RESPONSE #7] GET vue_api.health_check -> 200 (446 chars)
2025-10-23 16:49:31 - src.app_final_vue - INFO - [RESPONSE #8] GET vue_api.health_check -> 200 (446 chars)
2025-10-23 16:50:01 - src.app_final_vue - INFO - [RESPONSE #9] GET vue_api.health_check -> 200 (446 chars)
2025-10-23 16:50:31 - src.app_final_vue - INFO - [RESPONSE #10] GET vue_api.health_check -> 200 (446 chars)
2025-10-23 16:51:01 - src.app_final_vue - INFO - [RESPONSE #11] GET vue_api.health_check -> 200 (446 chars)
2025-10-23 16:51:31 - src.app_final_vue - INFO - [RESPONSE #12] GET vue_api.health_check -> 200 (446 chars)
2025-10-23 16:52:02 - src.app_final_vue - INFO - [RESPONSE #13] GET vue_api.health_check -> 200 (446 chars)
2025-10-23 16:52:32 - src.app_final_vue - INFO - [RESPONSE #14] GET vue_api.health_check -> 200 (446 chars)
2025-10-23 16:53:02 - src.app_final_vue - INFO - [RESPONSE #15] GET vue_api.health_check -> 200 (446 chars)
2025-10-23 16:53:32 - src.app_final_vue - INFO - [RESPONSE #16] GET vue_api.health_check -> 200 (446 chars)
2025-10-23 16:54:02 - src.app_final_vue - INFO - [RESPONSE #17] GET vue_api.health_check -> 200 (446 chars)
2025-10-23 16:54:32 - src.app_final_vue - INFO - [RESPONSE #18] GET vue_api.health_check -> 200 (446 chars)
2025-10-23 16:55:02 - src.app_final_vue - INFO - [RESPONSE #19] GET vue_api.health_check -> 200 (446 chars)
2025-10-23 16:55:27 - src.memory_monitor - INFO - Memory usage: 50.1MB (0.3%)
2025-10-23 16:55:33 - src.app_final_vue - INFO - [RESPONSE #20] GET vue_api.health_check -> 200 (446 chars)
2025-10-23 16:56:03 - src.app_final_vue - INFO - [RESPONSE #21] GET vue_api.health_check -> 200 (446 chars)
2025-10-23 16:56:33 - src.app_final_vue - INFO - [RESPONSE #22] GET vue_api.health_check -> 200 (446 chars)
2025-10-23 16:57:03 - src.app_final_vue - INFO - [RESPONSE #23] GET vue_api.health_check -> 200 (446 chars)
2025-10-23 16:57:33 - src.app_final_vue - INFO - [RESPONSE #24] GET vue_api.health_check -> 200 (446 chars)
2025-10-23 16:58:03 - src.app_final_vue - INFO - [RESPONSE #25] GET vue_api.health_check -> 200 (446 chars)
2025-10-23 16:58:33 - src.app_final_vue - INFO - [RESPONSE #26] GET vue_api.health_check -> 200 (446 chars)
2025-10-23 16:59:04 - src.app_final_vue - INFO - [RESPONSE #27] GET vue_api.health_check -> 200 (446 chars)
2025-10-23 16:59:34 - src.app_final_vue - INFO - [RESPONSE #28] GET vue_api.health_check -> 200 (446 chars)
2025-10-23 17:00:04 - src.app_final_vue - INFO - [RESPONSE #29] GET vue_api.health_check -> 200 (446 chars)
2025-10-23 17:00:34 - src.app_final_vue - INFO - [RESPONSE #30] GET vue_api.health_check -> 200 (446 chars)
2025-10-23 17:01:04 - src.app_final_vue - INFO - [RESPONSE #31] GET vue_api.health_check -> 200 (446 chars)
2025-10-23 17:01:34 - src.app_final_vue - INFO - [RESPONSE #32] GET vue_api.health_check -> 200 (446 chars)
2025-10-23 17:02:04 - src.app_final_vue - INFO - [RESPONSE #33] GET vue_api.health_check -> 200 (446 chars)
2025-10-23 17:02:34 - src.app_final_vue - INFO - [RESPONSE #34] GET vue_api.health_check -> 200 (446 chars)
2025-10-23 17:03:05 - src.app_final_vue - INFO - [RESPONSE #35] GET vue_api.health_check -> 200 (446 chars)
2025-10-23 17:03:35 - src.app_final_vue - INFO - [RESPONSE #36] GET vue_api.health_check -> 200 (446 chars)
2025-10-23 17:04:05 - src.app_final_vue - INFO - [RESPONSE #37] GET vue_api.health_check -> 200 (446 chars)
2025-10-23 17:04:35 - src.app_final_vue - INFO - [RESPONSE #38] GET vue_api.health_check -> 200 (446 chars)
2025-10-23 17:05:05 - src.app_final_vue - INFO - [RESPONSE #39] GET vue_api.health_check -> 200 (446 chars)
2025-10-23 17:05:28 - src.memory_monitor - INFO - Memory usage: 50.1MB (0.3%)
2025-10-23 17:05:35 - src.app_final_vue - INFO - [RESPONSE #40] GET vue_api.health_check -> 200 (446 chars)
2025-10-23 17:06:05 - src.app_final_vue - INFO - [RESPONSE #41] GET vue_api.health_check -> 200 (446 chars)
2025-10-23 17:06:35 - src.app_final_vue - INFO - [RESPONSE #42] GET vue_api.health_check -> 200 (446 chars)
2025-10-23 17:07:06 - src.app_final_vue - INFO - [RESPONSE #43] GET vue_api.health_check -> 200 (446 chars)
2025-10-23 17:07:36 - src.app_final_vue - INFO - [RESPONSE #44] GET vue_api.health_check -> 200 (446 chars)
2025-10-23 17:08:06 - src.app_final_vue - INFO - [RESPONSE #45] GET vue_api.health_check -> 200 (446 chars)
2025-10-23 17:08:36 - src.app_final_vue - INFO - [RESPONSE #46] GET vue_api.health_check -> 200 (446 chars)
2025-10-23 17:09:06 - src.app_final_vue - INFO - [RESPONSE #47] GET vue_api.health_check -> 200 (446 chars)
2025-10-23 17:09:36 - src.app_final_vue - INFO - [RESPONSE #48] GET vue_api.health_check -> 200 (446 chars)
2025-10-23 17:10:06 - src.app_final_vue - INFO - [RESPONSE #49] GET vue_api.health_check -> 200 (446 chars)
2025-10-23 17:10:36 - src.app_final_vue - INFO - [RESPONSE #50] GET vue_api.health_check -> 200 (446 chars)
2025-10-23 17:11:07 - src.app_final_vue - INFO - [RESPONSE #51] GET vue_api.health_check -> 200 (446 chars)
2025-10-23 17:11:37 - src.app_final_vue - INFO - [RESPONSE #52] GET vue_api.health_check -> 200 (446 chars)
2025-10-23 17:12:07 - src.app_final_vue - INFO - [RESPONSE #53] GET vue_api.health_check -> 200 (446 chars)
2025-10-23 17:12:37 - src.app_final_vue - INFO - [RESPONSE #54] GET vue_api.health_check -> 200 (446 chars)
2025-10-23 17:13:07 - src.app_final_vue - INFO - [RESPONSE #55] GET vue_api.health_check -> 200 (446 chars)
2025-10-23 17:13:37 - src.app_final_vue - INFO - [RESPONSE #56] GET vue_api.health_check -> 200 (446 chars)
2025-10-23 17:14:07 - src.app_final_vue - INFO - [RESPONSE #57] GET vue_api.health_check -> 200 (446 chars)
2025-10-23 17:14:38 - src.app_final_vue - INFO - [RESPONSE #58] GET vue_api.health_check -> 200 (446 chars)
2025-10-23 17:15:08 - src.app_final_vue - INFO - [RESPONSE #59] GET vue_api.health_check -> 200 (446 chars)
2025-10-23 17:15:28 - src.memory_monitor - INFO - Memory usage: 50.1MB (0.3%)
2025-10-23 17:15:38 - src.app_final_vue - INFO - [RESPONSE #60] GET vue_api.health_check -> 200 (446 chars)
2025-10-23 17:16:08 - src.app_final_vue - INFO - [RESPONSE #61] GET vue_api.health_check -> 200 (446 chars)
2025-10-23 17:16:38 - src.app_final_vue - INFO - [RESPONSE #62] GET vue_api.health_check -> 200 (446 chars)
2025-10-23 17:17:08 - src.app_final_vue - INFO - [RESPONSE #63] GET vue_api.health_check -> 200 (446 chars)
2025-10-23 17:17:38 - src.app_final_vue - INFO - [RESPONSE #64] GET vue_api.health_check -> 200 (446 chars)
2025-10-23 17:18:09 - src.app_final_vue - INFO - [RESPONSE #65] GET vue_api.health_check -> 200 (446 chars)
2025-10-23 17:18:39 - src.app_final_vue - INFO - [RESPONSE #66] GET vue_api.health_check -> 200 (446 chars)
2025-10-23 17:19:09 - src.app_final_vue - INFO - [RESPONSE #67] GET vue_api.health_check -> 200 (446 chars)
2025-10-23 17:19:39 - src.app_final_vue - INFO - [RESPONSE #68] GET vue_api.health_check -> 200 (446 chars)
2025-10-23 17:20:09 - src.app_final_vue - INFO - [RESPONSE #69] GET vue_api.health_check -> 200 (446 chars)
2025-10-23 17:20:39 - src.app_final_vue - INFO - [RESPONSE #70] GET vue_api.health_check -> 200 (446 chars)
2025-10-23 17:21:09 - src.app_final_vue - INFO - [RESPONSE #71] GET vue_api.health_check -> 200 (446 chars)
2025-10-23 17:21:40 - src.app_final_vue - INFO - [RESPONSE #72] GET vue_api.health_check -> 200 (446 chars)
2025-10-23 17:22:10 - src.app_final_vue - INFO - [RESPONSE #73] GET vue_api.health_check -> 200 (446 chars)
2025-10-23 17:22:40 - src.app_final_vue - INFO - [RESPONSE #74] GET vue_api.health_check -> 200 (446 chars)
2025-10-23 17:23:10 - src.app_final_vue - INFO - [RESPONSE #75] GET vue_api.health_check -> 200 (446 chars)
2025-10-23 17:23:40 - src.app_final_vue - INFO - [RESPONSE #76] GET vue_api.health_check -> 200 (446 chars)
2025-10-23 17:24:10 - src.app_final_vue - INFO - [RESPONSE #77] GET vue_api.health_check -> 200 (446 chars)
2025-10-23 17:24:40 - src.app_final_vue - INFO - [RESPONSE #78] GET vue_api.health_check -> 200 (446 chars)
2025-10-23 17:25:10 - src.app_final_vue - INFO - [RESPONSE #79] GET vue_api.health_check -> 200 (446 chars)
2025-10-23 17:25:29 - src.memory_monitor - INFO - Memory usage: 50.1MB (0.3%)
2025-10-23 17:25:41 - src.app_final_vue - INFO - [RESPONSE #80] GET vue_api.health_check -> 200 (446 chars)
2025-10-23 17:26:11 - src.app_final_vue - INFO - [RESPONSE #81] GET vue_api.health_check -> 200 (446 chars)
2025-10-23 17:26:41 - src.app_final_vue - INFO - [RESPONSE #82] GET vue_api.health_check -> 200 (446 chars)
2025-10-23 17:27:11 - src.app_final_vue - INFO - [RESPONSE #83] GET vue_api.health_check -> 200 (446 chars)
2025-10-23 17:27:34 - src.app_final_vue - WARNING - [RESPONSE #84] GET None -> 404 (22 chars)
2025-10-23 17:27:41 - src.app_final_vue - INFO - [RESPONSE #85] GET vue_api.health_check -> 200 (446 chars)
2025-10-23 17:28:11 - src.app_final_vue - INFO - [RESPONSE #86] GET vue_api.health_check -> 200 (446 chars)
2025-10-23 17:28:19 - src.app_final_vue - WARNING - [RESPONSE #87] GET None -> 404 (22 chars)
2025-10-23 17:28:41 - src.app_final_vue - INFO - [RESPONSE #88] GET vue_api.health_check -> 200 (446 chars)
2025-10-23 17:29:12 - src.app_final_vue - INFO - [RESPONSE #89] GET vue_api.health_check -> 200 (446 chars)
2025-10-23 17:29:42 - src.app_final_vue - INFO - [RESPONSE #90] GET vue_api.health_check -> 200 (446 chars)
2025-10-23 17:30:12 - src.app_final_vue - INFO - [RESPONSE #91] GET vue_api.health_check -> 200 (446 chars)
2025-10-23 17:30:42 - src.app_final_vue - INFO - [RESPONSE #92] GET vue_api.health_check -> 200 (446 chars)
2025-10-23 17:31:12 - src.app_final_vue - INFO - [RESPONSE #93] GET vue_api.health_check -> 200 (446 chars)
2025-10-23 17:31:42 - src.app_final_vue - INFO - [RESPONSE #94] GET vue_api.health_check -> 200 (446 chars)
2025-10-23 17:32:12 - src.app_final_vue - INFO - [RESPONSE #95] GET vue_api.health_check -> 200 (446 chars)
2025-10-23 17:32:42 - src.app_final_vue - INFO - [RESPONSE #96] GET vue_api.health_check -> 200 (446 chars)
2025-10-23 17:33:13 - src.app_final_vue - INFO - [RESPONSE #97] GET vue_api.health_check -> 200 (446 chars)
2025-10-23 17:33:43 - src.app_final_vue - INFO - [RESPONSE #98] GET vue_api.health_check -> 200 (446 chars)
2025-10-23 17:34:13 - src.app_final_vue - INFO - [RESPONSE #99] GET vue_api.health_check -> 200 (446 chars)
2025-10-23 17:34:43 - src.app_final_vue - INFO - [RESPONSE #100] GET vue_api.health_check -> 200 (446 chars)
2025-10-23 17:35:13 - src.app_final_vue - INFO - [RESPONSE #101] GET vue_api.health_check -> 200 (446 chars)
2025-10-23 17:35:29 - src.memory_monitor - INFO - Memory usage: 50.1MB (0.3%)
2025-10-23 17:35:43 - src.app_final_vue - INFO - [RESPONSE #102] GET vue_api.health_check -> 200 (446 chars)
2025-10-23 17:36:13 - src.app_final_vue - INFO - [RESPONSE #103] GET vue_api.health_check -> 200 (446 chars)
2025-10-23 17:36:43 - src.app_final_vue - INFO - [RESPONSE #104] GET vue_api.health_check -> 200 (446 chars)
2025-10-23 17:37:14 - src.app_final_vue - INFO - [RESPONSE #105] GET vue_api.health_check -> 200 (446 chars)
2025-10-23 17:37:44 - src.app_final_vue - INFO - [RESPONSE #106] GET vue_api.health_check -> 200 (446 chars)
2025-10-23 17:38:14 - src.app_final_vue - INFO - [RESPONSE #107] GET vue_api.health_check -> 200 (446 chars)
2025-10-23 17:38:44 - src.app_final_vue - INFO - [RESPONSE #108] GET vue_api.health_check -> 200 (446 chars)
2025-10-23 17:39:14 - src.app_final_vue - INFO - [RESPONSE #109] GET vue_api.health_check -> 200 (446 chars)
2025-10-23 17:39:44 - src.app_final_vue - INFO - [RESPONSE #110] GET vue_api.health_check -> 200 (446 chars)
2025-10-23 17:40:14 - src.app_final_vue - INFO - [RESPONSE #111] GET vue_api.health_check -> 200 (446 chars)
2025-10-23 17:40:45 - src.app_final_vue - INFO - [RESPONSE #112] GET vue_api.health_check -> 200 (446 chars)
2025-10-23 17:41:15 - src.app_final_vue - INFO - [RESPONSE #113] GET vue_api.health_check -> 200 (446 chars)
2025-10-23 17:41:45 - src.app_final_vue - INFO - [RESPONSE #114] GET vue_api.health_check -> 200 (446 chars)
2025-10-23 17:42:15 - src.app_final_vue - INFO - [RESPONSE #115] GET vue_api.health_check -> 200 (446 chars)
2025-10-23 17:42:45 - src.app_final_vue - INFO - [RESPONSE #116] GET vue_api.health_check -> 200 (446 chars)
2025-10-23 17:43:15 - src.app_final_vue - INFO - [RESPONSE #117] GET vue_api.health_check -> 200 (446 chars)
2025-10-23 17:43:45 - src.app_final_vue - INFO - [RESPONSE #118] GET vue_api.health_check -> 200 (446 chars)
2025-10-23 17:44:15 - src.app_final_vue - INFO - [RESPONSE #119] GET vue_api.health_check -> 200 (446 chars)
2025-10-23 17:44:46 - src.app_final_vue - INFO - [RESPONSE #120] GET vue_api.health_check -> 200 (446 chars)
2025-10-23 17:45:16 - src.app_final_vue - INFO - [RESPONSE #121] GET vue_api.health_check -> 200 (446 chars)
2025-10-23 17:45:30 - src.memory_monitor - INFO - Memory usage: 50.1MB (0.3%)
2025-10-23 17:45:46 - src.app_final_vue - INFO - [RESPONSE #122] GET vue_api.health_check -> 200 (446 chars)
2025-10-23 17:46:16 - src.app_final_vue - INFO - [RESPONSE #123] GET vue_api.health_check -> 200 (446 chars)
2025-10-23 17:46:46 - src.app_final_vue - INFO - [RESPONSE #124] GET vue_api.health_check -> 200 (446 chars)
2025-10-23 17:47:16 - src.app_final_vue - INFO - [RESPONSE #125] GET vue_api.health_check -> 200 (446 chars)
2025-10-23 17:47:46 - src.app_final_vue - INFO - [RESPONSE #126] GET vue_api.health_check -> 200 (446 chars)
2025-10-23 17:48:17 - src.app_final_vue - INFO - [RESPONSE #127] GET vue_api.health_check -> 200 (446 chars)
2025-10-23 17:48:47 - src.app_final_vue - INFO - [RESPONSE #128] GET vue_api.health_check -> 200 (446 chars)
2025-10-23 17:49:17 - src.app_final_vue - INFO - [RESPONSE #129] GET vue_api.health_check -> 200 (446 chars)
2025-10-23 17:49:47 - src.app_final_vue - INFO - [RESPONSE #130] GET vue_api.health_check -> 200 (446 chars)
2025-10-23 17:50:17 - src.app_final_vue - INFO - [RESPONSE #131] GET vue_api.health_check -> 200 (446 chars)
2025-10-23 17:50:47 - src.app_final_vue - INFO - [RESPONSE #132] GET vue_api.health_check -> 200 (446 chars)
2025-10-23 17:51:17 - src.app_final_vue - INFO - [RESPONSE #133] GET vue_api.health_check -> 200 (446 chars)
2025-10-23 17:51:48 - src.app_final_vue - INFO - [RESPONSE #134] GET vue_api.health_check -> 200 (446 chars)
2025-10-23 17:52:18 - src.app_final_vue - INFO - [RESPONSE #135] GET vue_api.health_check -> 200 (446 chars)
2025-10-23 17:52:48 - src.app_final_vue - INFO - [RESPONSE #136] GET vue_api.health_check -> 200 (446 chars)
2025-10-23 17:52:52 - src.app_final_vue - WARNING - [RESPONSE #137] GET None -> 404 (22 chars)
2025-10-23 17:52:53 - src.app_final_vue - WARNING - [RESPONSE #138] GET None -> 404 (22 chars)
2025-10-23 17:53:18 - src.app_final_vue - INFO - [RESPONSE #139] GET vue_api.health_check -> 200 (446 chars)
2025-10-23 17:53:48 - src.app_final_vue - INFO - [RESPONSE #140] GET vue_api.health_check -> 200 (446 chars)
2025-10-23 17:54:18 - src.app_final_vue - INFO - [RESPONSE #141] GET vue_api.health_check -> 200 (446 chars)
2025-10-23 17:54:48 - src.app_final_vue - INFO - [RESPONSE #142] GET vue_api.health_check -> 200 (446 chars)
2025-10-23 17:55:18 - src.app_final_vue - INFO - [RESPONSE #143] GET vue_api.health_check -> 200 (446 chars)
2025-10-23 17:55:30 - src.memory_monitor - INFO - Memory usage: 50.1MB (0.3%)
2025-10-23 17:55:49 - src.app_final_vue - INFO - [RESPONSE #144] GET vue_api.health_check -> 200 (446 chars)
2025-10-23 17:56:08 - src.app_final_vue - WARNING - [RESPONSE #145] GET None -> 404 (22 chars)
2025-10-23 17:56:19 - src.app_final_vue - INFO - [RESPONSE #146] GET vue_api.health_check -> 200 (446 chars)
2025-10-23 17:56:49 - src.app_final_vue - INFO - [RESPONSE #147] GET vue_api.health_check -> 200 (446 chars)
2025-10-23 17:57:19 - src.app_final_vue - INFO - [RESPONSE #148] GET vue_api.health_check -> 200 (446 chars)
2025-10-23 17:57:49 - src.app_final_vue - INFO - [RESPONSE #149] GET vue_api.health_check -> 200 (446 chars)
2025-10-23 17:58:19 - src.app_final_vue - INFO - [RESPONSE #150] GET vue_api.health_check -> 200 (446 chars)
2025-10-23 17:58:49 - src.app_final_vue - INFO - [RESPONSE #151] GET vue_api.health_check -> 200 (446 chars)
2025-10-23 17:59:19 - src.app_final_vue - INFO - [RESPONSE #152] GET vue_api.health_check -> 200 (446 chars)
2025-10-23 17:59:50 - src.app_final_vue - INFO - [RESPONSE #153] GET vue_api.health_check -> 200 (446 chars)
2025-10-23 18:00:20 - src.app_final_vue - INFO - [RESPONSE #154] GET vue_api.health_check -> 200 (446 chars)
2025-10-23 18:00:50 - src.app_final_vue - INFO - [RESPONSE #155] GET vue_api.health_check -> 200 (446 chars)
2025-10-23 18:01:20 - src.app_final_vue - INFO - [RESPONSE #156] GET vue_api.health_check -> 200 (446 chars)
2025-10-23 18:01:50 - src.app_final_vue - INFO - [RESPONSE #157] GET vue_api.health_check -> 200 (446 chars)
2025-10-23 18:02:20 - src.app_final_vue - INFO - [RESPONSE #158] GET vue_api.health_check -> 200 (446 chars)
2025-10-23 18:02:50 - src.app_final_vue - INFO - [RESPONSE #159] GET vue_api.health_check -> 200 (446 chars)
2025-10-23 18:03:21 - src.app_final_vue - INFO - [RESPONSE #160] GET vue_api.health_check -> 200 (446 chars)
2025-10-23 18:03:51 - src.app_final_vue - INFO - [RESPONSE #161] GET vue_api.health_check -> 200 (446 chars)
2025-10-23 18:04:21 - src.app_final_vue - INFO - [RESPONSE #162] GET vue_api.health_check -> 200 (446 chars)
2025-10-23 18:04:51 - src.app_final_vue - INFO - [RESPONSE #163] GET vue_api.health_check -> 200 (446 chars)
2025-10-23 18:05:21 - src.app_final_vue - INFO - [RESPONSE #164] GET vue_api.health_check -> 200 (446 chars)
2025-10-23 18:05:31 - src.memory_monitor - INFO - Memory usage: 50.1MB (0.3%)
2025-10-23 18:05:51 - src.app_final_vue - INFO - [RESPONSE #165] GET vue_api.health_check -> 200 (446 chars)
2025-10-23 18:06:21 - src.app_final_vue - INFO - [RESPONSE #166] GET vue_api.health_check -> 200 (446 chars)
2025-10-23 18:06:51 - src.app_final_vue - INFO - [RESPONSE #167] GET vue_api.health_check -> 200 (446 chars)
2025-10-23 18:07:22 - src.app_final_vue - INFO - [RESPONSE #168] GET vue_api.health_check -> 200 (446 chars)
2025-10-23 18:07:52 - src.app_final_vue - INFO - [RESPONSE #169] GET vue_api.health_check -> 200 (446 chars)
2025-10-23 18:08:22 - src.app_final_vue - INFO - [RESPONSE #170] GET vue_api.health_check -> 200 (446 chars)
2025-10-23 18:08:52 - src.app_final_vue - INFO - [RESPONSE #171] GET vue_api.health_check -> 200 (446 chars)
2025-10-23 18:09:22 - src.app_final_vue - INFO - [RESPONSE #172] GET vue_api.health_check -> 200 (446 chars)
2025-10-23 18:09:52 - src.app_final_vue - INFO - [RESPONSE #173] GET vue_api.health_check -> 200 (446 chars)
2025-10-23 18:10:22 - src.app_final_vue - INFO - [RESPONSE #174] GET vue_api.health_check -> 200 (446 chars)
2025-10-23 18:10:53 - src.app_final_vue - INFO - [RESPONSE #175] GET vue_api.health_check -> 200 (446 chars)
2025-10-23 18:11:23 - src.app_final_vue - INFO - [RESPONSE #176] GET vue_api.health_check -> 200 (446 chars)
2025-10-23 18:11:53 - src.app_final_vue - INFO - [RESPONSE #177] GET vue_api.health_check -> 200 (446 chars)
2025-10-23 18:12:23 - src.app_final_vue - INFO - [RESPONSE #178] GET vue_api.health_check -> 200 (446 chars)
2025-10-23 18:12:53 - src.app_final_vue - INFO - [RESPONSE #179] GET vue_api.health_check -> 200 (446 chars)
2025-10-23 18:13:23 - src.app_final_vue - INFO - [RESPONSE #180] GET vue_api.health_check -> 200 (446 chars)
2025-10-23 18:13:53 - src.app_final_vue - INFO - [RESPONSE #181] GET vue_api.health_check -> 200 (446 chars)
2025-10-23 18:14:23 - src.app_final_vue - INFO - [RESPONSE #182] GET vue_api.health_check -> 200 (446 chars)
2025-10-23 18:14:54 - src.app_final_vue - INFO - [RESPONSE #183] GET vue_api.health_check -> 200 (446 chars)
2025-10-23 18:15:24 - src.app_final_vue - INFO - [RESPONSE #184] GET vue_api.health_check -> 200 (446 chars)
2025-10-23 18:15:31 - src.memory_monitor - INFO - Memory usage: 50.1MB (0.3%)
2025-10-23 18:15:54 - src.app_final_vue - INFO - [RESPONSE #185] GET vue_api.health_check -> 200 (446 chars)
2025-10-23 18:16:24 - src.app_final_vue - INFO - [RESPONSE #186] GET vue_api.health_check -> 200 (446 chars)
2025-10-23 18:16:54 - src.app_final_vue - INFO - [RESPONSE #187] GET vue_api.health_check -> 200 (446 chars)
2025-10-23 18:17:24 - src.app_final_vue - INFO - [RESPONSE #188] GET vue_api.health_check -> 200 (446 chars)
2025-10-23 18:17:54 - src.app_final_vue - INFO - [RESPONSE #189] GET vue_api.health_check -> 200 (446 chars)
2025-10-23 18:18:25 - src.app_final_vue - INFO - [RESPONSE #190] GET vue_api.health_check -> 200 (446 chars)
2025-10-23 18:18:55 - src.app_final_vue - INFO - [RESPONSE #191] GET vue_api.health_check -> 200 (446 chars)
2025-10-23 18:19:25 - src.app_final_vue - INFO - [RESPONSE #192] GET vue_api.health_check -> 200 (446 chars)
2025-10-23 18:19:55 - src.app_final_vue - INFO - [RESPONSE #193] GET vue_api.health_check -> 200 (446 chars)
2025-10-23 18:20:25 - src.app_final_vue - INFO - [RESPONSE #194] GET vue_api.health_check -> 200 (446 chars)
2025-10-23 18:20:55 - src.app_final_vue - INFO - [RESPONSE #195] GET vue_api.health_check -> 200 (446 chars)
2025-10-23 18:21:25 - src.app_final_vue - INFO - [RESPONSE #196] GET vue_api.health_check -> 200 (446 chars)
2025-10-23 18:21:56 - src.app_final_vue - INFO - [RESPONSE #197] GET vue_api.health_check -> 200 (446 chars)
2025-10-23 18:22:26 - src.app_final_vue - INFO - [RESPONSE #198] GET vue_api.health_check -> 200 (446 chars)
2025-10-23 18:22:56 - src.app_final_vue - INFO - [RESPONSE #199] GET vue_api.health_check -> 200 (446 chars)
2025-10-23 18:23:26 - src.app_final_vue - INFO - [RESPONSE #200] GET vue_api.health_check -> 200 (446 chars)
2025-10-23 18:23:56 - src.app_final_vue - INFO - [RESPONSE #201] GET vue_api.health_check -> 200 (446 chars)
2025-10-23 18:24:26 - src.app_final_vue - INFO - [RESPONSE #202] GET vue_api.health_check -> 200 (446 chars)
2025-10-23 18:24:56 - src.app_final_vue - INFO - [RESPONSE #203] GET vue_api.health_check -> 200 (446 chars)
2025-10-23 18:25:27 - src.app_final_vue - INFO - [RESPONSE #204] GET vue_api.health_check -> 200 (446 chars)
2025-10-23 18:25:32 - src.memory_monitor - INFO - Memory usage: 50.1MB (0.3%)
2025-10-23 18:25:57 - src.app_final_vue - INFO - [RESPONSE #205] GET vue_api.health_check -> 200 (446 chars)
2025-10-23 18:26:27 - src.app_final_vue - INFO - [RESPONSE #206] GET vue_api.health_check -> 200 (446 chars)
2025-10-23 18:26:32 - src.memory_monitor - INFO - Memory usage: 50.1MB (0.3%)
2025-10-23 18:26:57 - src.app_final_vue - INFO - [RESPONSE #207] GET vue_api.health_check -> 200 (446 chars)
2025-10-23 18:27:27 - src.app_final_vue - INFO - [RESPONSE #208] GET vue_api.health_check -> 200 (446 chars)
2025-10-23 18:27:32 - src.memory_monitor - INFO - Memory usage: 50.1MB (0.3%)
2025-10-23 18:27:57 - src.app_final_vue - INFO - [RESPONSE #209] GET vue_api.health_check -> 200 (446 chars)
2025-10-23 18:28:27 - src.app_final_vue - INFO - [RESPONSE #210] GET vue_api.health_check -> 200 (446 chars)
2025-10-23 18:28:32 - src.memory_monitor - INFO - Memory usage: 50.1MB (0.3%)
2025-10-23 18:28:58 - src.app_final_vue - INFO - [RESPONSE #211] GET vue_api.health_check -> 200 (446 chars)
2025-10-23 18:29:28 - src.app_final_vue - INFO - [RESPONSE #212] GET vue_api.health_check -> 200 (446 chars)
2025-10-23 18:29:32 - src.memory_monitor - INFO - Memory usage: 50.1MB (0.3%)
2025-10-23 18:29:58 - src.app_final_vue - INFO - [RESPONSE #213] GET vue_api.health_check -> 200 (446 chars)
2025-10-23 18:30:28 - src.app_final_vue - INFO - [RESPONSE #214] GET vue_api.health_check -> 200 (446 chars)
2025-10-23 18:30:32 - src.memory_monitor - INFO - Memory usage: 50.1MB (0.3%)
2025-10-23 18:30:58 - src.app_final_vue - INFO - [RESPONSE #215] GET vue_api.health_check -> 200 (446 chars)
2025-10-23 18:31:28 - src.app_final_vue - INFO - [RESPONSE #216] GET vue_api.health_check -> 200 (446 chars)
2025-10-23 18:31:32 - src.memory_monitor - INFO - Memory usage: 50.1MB (0.3%)
2025-10-23 18:31:58 - src.app_final_vue - INFO - [RESPONSE #217] GET vue_api.health_check -> 200 (446 chars)
2025-10-23 18:32:28 - src.app_final_vue - INFO - [RESPONSE #218] GET vue_api.health_check -> 200 (446 chars)
2025-10-23 18:32:32 - src.memory_monitor - INFO - Memory usage: 50.1MB (0.3%)
2025-10-23 18:32:59 - src.app_final_vue - INFO - [RESPONSE #219] GET vue_api.health_check -> 200 (446 chars)
2025-10-23 18:33:29 - src.app_final_vue - INFO - [RESPONSE #220] GET vue_api.health_check -> 200 (446 chars)
2025-10-23 18:33:32 - src.memory_monitor - INFO - Memory usage: 50.1MB (0.3%)
2025-10-23 18:33:59 - src.app_final_vue - INFO - [RESPONSE #221] GET vue_api.health_check -> 200 (446 chars)
2025-10-23 18:34:29 - src.app_final_vue - INFO - [RESPONSE #222] GET vue_api.health_check -> 200 (446 chars)
2025-10-23 18:34:32 - src.memory_monitor - INFO - Memory usage: 50.1MB (0.3%)
2025-10-23 18:34:59 - src.app_final_vue - INFO - [RESPONSE #223] GET vue_api.health_check -> 200 (446 chars)
2025-10-23 18:35:29 - src.app_final_vue - INFO - [RESPONSE #224] GET vue_api.health_check -> 200 (446 chars)
2025-10-23 18:35:32 - src.memory_monitor - INFO - Memory usage: 50.1MB (0.3%)
2025-10-23 18:35:59 - src.app_final_vue - INFO - [RESPONSE #225] GET vue_api.health_check -> 200 (446 chars)
2025-10-23 18:36:30 - src.app_final_vue - INFO - [RESPONSE #226] GET vue_api.health_check -> 200 (446 chars)
2025-10-23 18:36:33 - src.memory_monitor - INFO - Memory usage: 50.1MB (0.3%)
2025-10-23 18:37:00 - src.app_final_vue - INFO - [RESPONSE #227] GET vue_api.health_check -> 200 (446 chars)
2025-10-23 18:37:30 - src.app_final_vue - INFO - [RESPONSE #228] GET vue_api.health_check -> 200 (446 chars)
2025-10-23 18:37:33 - src.memory_monitor - INFO - Memory usage: 50.1MB (0.3%)
2025-10-23 18:38:00 - src.app_final_vue - INFO - [RESPONSE #229] GET vue_api.health_check -> 200 (446 chars)
2025-10-23 18:38:30 - src.app_final_vue - INFO - [RESPONSE #230] GET vue_api.health_check -> 200 (446 chars)
2025-10-23 18:38:33 - src.memory_monitor - INFO - Memory usage: 50.1MB (0.3%)
2025-10-23 18:39:00 - src.app_final_vue - INFO - [RESPONSE #231] GET vue_api.health_check -> 200 (446 chars)
2025-10-23 18:39:30 - src.app_final_vue - INFO - [RESPONSE #232] GET vue_api.health_check -> 200 (446 chars)
2025-10-23 18:39:33 - src.memory_monitor - INFO - Memory usage: 50.1MB (0.3%)
2025-10-23 18:40:00 - src.app_final_vue - INFO - [RESPONSE #233] GET vue_api.health_check -> 200 (446 chars)
2025-10-23 18:40:31 - src.app_final_vue - INFO - [RESPONSE #234] GET vue_api.health_check -> 200 (446 chars)
2025-10-23 18:40:33 - src.memory_monitor - INFO - Memory usage: 50.1MB (0.3%)
2025-10-23 18:41:01 - src.app_final_vue - INFO - [RESPONSE #235] GET vue_api.health_check -> 200 (446 chars)
2025-10-23 18:41:31 - src.app_final_vue - INFO - [RESPONSE #236] GET vue_api.health_check -> 200 (446 chars)
2025-10-23 18:41:33 - src.memory_monitor - INFO - Memory usage: 50.1MB (0.3%)
2025-10-23 18:42:01 - src.app_final_vue - INFO - [RESPONSE #237] GET vue_api.health_check -> 200 (446 chars)
2025-10-23 18:42:31 - src.app_final_vue - INFO - [RESPONSE #238] GET vue_api.health_check -> 200 (446 chars)
2025-10-23 18:42:33 - src.memory_monitor - INFO - Memory usage: 50.1MB (0.3%)
2025-10-23 18:43:01 - src.app_final_vue - INFO - [RESPONSE #239] GET vue_api.health_check -> 200 (446 chars)
2025-10-23 18:43:31 - src.app_final_vue - INFO - [RESPONSE #240] GET vue_api.health_check -> 200 (446 chars)
2025-10-23 18:43:33 - src.memory_monitor - INFO - Memory usage: 50.1MB (0.3%)
2025-10-23 18:44:02 - src.app_final_vue - INFO - [RESPONSE #241] GET vue_api.health_check -> 200 (446 chars)
2025-10-23 18:44:32 - src.app_final_vue - INFO - [RESPONSE #242] GET vue_api.health_check -> 200 (446 chars)
2025-10-23 18:44:33 - src.memory_monitor - INFO - Memory usage: 50.1MB (0.3%)
2025-10-23 18:45:02 - src.app_final_vue - INFO - [RESPONSE #243] GET vue_api.health_check -> 200 (446 chars)
2025-10-23 18:45:32 - src.app_final_vue - INFO - [RESPONSE #244] GET vue_api.health_check -> 200 (446 chars)
2025-10-23 18:45:33 - src.memory_monitor - INFO - Memory usage: 50.1MB (0.3%)
2025-10-23 18:46:02 - src.app_final_vue - INFO - [RESPONSE #245] GET vue_api.health_check -> 200 (446 chars)
2025-10-23 18:46:32 - src.app_final_vue - INFO - [RESPONSE #246] GET vue_api.health_check -> 200 (446 chars)
2025-10-23 18:46:33 - src.memory_monitor - INFO - Memory usage: 50.1MB (0.3%)
2025-10-23 18:47:02 - src.app_final_vue - INFO - [RESPONSE #247] GET vue_api.health_check -> 200 (446 chars)
2025-10-23 18:47:32 - src.app_final_vue - INFO - [RESPONSE #248] GET vue_api.health_check -> 200 (446 chars)
2025-10-23 18:47:33 - src.memory_monitor - INFO - Memory usage: 50.1MB (0.3%)
2025-10-23 18:48:03 - src.app_final_vue - INFO - [RESPONSE #249] GET vue_api.health_check -> 200 (446 chars)
2025-10-23 18:48:33 - src.app_final_vue - INFO - [RESPONSE #250] GET vue_api.health_check -> 200 (446 chars)
2025-10-23 18:48:33 - src.memory_monitor - INFO - Memory usage: 50.1MB (0.3%)
2025-10-23 18:49:03 - src.app_final_vue - INFO - [RESPONSE #251] GET vue_api.health_check -> 200 (446 chars)
2025-10-23 18:49:33 - src.app_final_vue - INFO - [RESPONSE #252] GET vue_api.health_check -> 200 (446 chars)
2025-10-23 18:49:33 - src.memory_monitor - INFO - Memory usage: 50.1MB (0.3%)
2025-10-23 18:50:03 - src.app_final_vue - INFO - [RESPONSE #253] GET vue_api.health_check -> 200 (446 chars)
2025-10-23 18:50:33 - src.memory_monitor - INFO - Memory usage: 50.1MB (0.3%)
2025-10-23 18:50:33 - src.app_final_vue - INFO - [RESPONSE #254] GET vue_api.health_check -> 200 (446 chars)
2025-10-23 18:51:03 - src.app_final_vue - INFO - [RESPONSE #255] GET vue_api.health_check -> 200 (446 chars)
2025-10-23 18:51:33 - src.memory_monitor - INFO - Memory usage: 50.1MB (0.3%)
2025-10-23 18:51:34 - src.app_final_vue - INFO - [RESPONSE #256] GET vue_api.health_check -> 200 (446 chars)
2025-10-23 18:52:04 - src.app_final_vue - INFO - [RESPONSE #257] GET vue_api.health_check -> 200 (446 chars)
2025-10-23 18:52:33 - src.memory_monitor - INFO - Memory usage: 50.1MB (0.3%)
2025-10-23 18:52:34 - src.app_final_vue - INFO - [RESPONSE #258] GET vue_api.health_check -> 200 (446 chars)
2025-10-23 18:53:04 - src.app_final_vue - INFO - [RESPONSE #259] GET vue_api.health_check -> 200 (446 chars)
2025-10-23 18:53:33 - src.memory_monitor - INFO - Memory usage: 50.1MB (0.3%)
2025-10-23 18:53:34 - src.app_final_vue - INFO - [RESPONSE #260] GET vue_api.health_check -> 200 (446 chars)
2025-10-23 18:54:04 - src.app_final_vue - INFO - [RESPONSE #261] GET vue_api.health_check -> 200 (446 chars)
2025-10-23 18:54:33 - src.memory_monitor - INFO - Memory usage: 50.1MB (0.3%)
2025-10-23 18:54:34 - src.app_final_vue - INFO - [RESPONSE #262] GET vue_api.health_check -> 200 (446 chars)
2025-10-23 18:55:05 - src.app_final_vue - INFO - [RESPONSE #263] GET vue_api.health_check -> 200 (446 chars)
2025-10-23 18:55:25 - src.app_final_vue - WARNING - [RESPONSE #264] GET None -> 404 (22 chars)
2025-10-23 18:55:33 - src.memory_monitor - INFO - Memory usage: 50.1MB (0.3%)
2025-10-23 18:55:35 - src.app_final_vue - INFO - [RESPONSE #265] GET vue_api.health_check -> 200 (446 chars)
2025-10-23 18:55:41 - src.app_final_vue - WARNING - [RESPONSE #266] OPTIONS None -> 404 (22 chars)
2025-10-23 18:56:05 - src.app_final_vue - INFO - [RESPONSE #267] GET vue_api.health_check -> 200 (446 chars)
2025-10-23 18:56:15 - src.app_final_vue - WARNING - [RESPONSE #268] GET None -> 404 (22 chars)
2025-10-23 18:56:15 - src.app_final_vue - WARNING - [RESPONSE #269] GET None -> 404 (22 chars)
2025-10-23 18:56:15 - src.app_final_vue - WARNING - [RESPONSE #270] GET None -> 404 (22 chars)
2025-10-23 18:56:15 - src.app_final_vue - WARNING - [RESPONSE #271] GET None -> 404 (22 chars)
2025-10-23 18:56:15 - src.app_final_vue - WARNING - [RESPONSE #272] GET None -> 404 (22 chars)
2025-10-23 18:56:16 - src.app_final_vue - WARNING - [RESPONSE #273] GET None -> 404 (22 chars)
2025-10-23 18:56:16 - src.app_final_vue - WARNING - [RESPONSE #274] GET None -> 404 (22 chars)
2025-10-23 18:56:16 - src.app_final_vue - WARNING - [RESPONSE #275] GET None -> 404 (22 chars)
2025-10-23 18:56:33 - src.memory_monitor - INFO - Memory usage: 50.1MB (0.3%)
2025-10-23 18:56:35 - src.app_final_vue - INFO - [RESPONSE #276] GET vue_api.health_check -> 200 (446 chars)
2025-10-23 18:57:05 - src.app_final_vue - INFO - [RESPONSE #277] GET vue_api.health_check -> 200 (446 chars)
2025-10-23 18:57:34 - src.memory_monitor - INFO - Memory usage: 50.1MB (0.3%)
2025-10-23 18:57:35 - src.app_final_vue - INFO - [RESPONSE #278] GET vue_api.health_check -> 200 (446 chars)
2025-10-23 18:58:05 - src.app_final_vue - INFO - [RESPONSE #279] GET vue_api.health_check -> 200 (446 chars)
2025-10-23 18:58:34 - src.memory_monitor - INFO - Memory usage: 50.1MB (0.3%)
2025-10-23 18:58:36 - src.app_final_vue - INFO - [RESPONSE #280] GET vue_api.health_check -> 200 (446 chars)
2025-10-23 18:59:06 - src.app_final_vue - INFO - [RESPONSE #281] GET vue_api.health_check -> 200 (446 chars)
2025-10-23 18:59:34 - src.memory_monitor - INFO - Memory usage: 50.1MB (0.3%)
2025-10-23 18:59:36 - src.app_final_vue - INFO - [RESPONSE #282] GET vue_api.health_check -> 200 (446 chars)
2025-10-23 19:00:06 - src.app_final_vue - INFO - [RESPONSE #283] GET vue_api.health_check -> 200 (446 chars)
2025-10-23 19:00:34 - src.memory_monitor - INFO - Memory usage: 50.1MB (0.3%)
2025-10-23 19:00:36 - src.app_final_vue - INFO - [RESPONSE #284] GET vue_api.health_check -> 200 (446 chars)
2025-10-23 19:01:06 - src.app_final_vue - INFO - [RESPONSE #285] GET vue_api.health_check -> 200 (446 chars)
2025-10-23 19:01:34 - src.memory_monitor - INFO - Memory usage: 50.1MB (0.3%)
2025-10-23 19:01:36 - src.app_final_vue - INFO - [RESPONSE #286] GET vue_api.health_check -> 200 (446 chars)
2025-10-23 19:02:07 - src.app_final_vue - INFO - [RESPONSE #287] GET vue_api.health_check -> 200 (446 chars)
2025-10-23 19:02:34 - src.memory_monitor - INFO - Memory usage: 50.1MB (0.3%)
2025-10-23 19:02:37 - src.app_final_vue - INFO - [RESPONSE #288] GET vue_api.health_check -> 200 (446 chars)
2025-10-23 19:03:07 - src.app_final_vue - INFO - [RESPONSE #289] GET vue_api.health_check -> 200 (446 chars)
2025-10-23 19:03:34 - src.memory_monitor - INFO - Memory usage: 50.1MB (0.3%)
2025-10-23 19:03:37 - src.app_final_vue - INFO - [RESPONSE #290] GET vue_api.health_check -> 200 (446 chars)
2025-10-23 19:04:07 - src.app_final_vue - INFO - [RESPONSE #291] GET vue_api.health_check -> 200 (446 chars)
2025-10-23 19:04:34 - src.memory_monitor - INFO - Memory usage: 50.2MB (0.3%)
2025-10-23 19:04:37 - src.app_final_vue - INFO - [RESPONSE #292] GET vue_api.health_check -> 200 (446 chars)
2025-10-23 19:05:00 - src.app_final_vue - WARNING - [RESPONSE #293] GET None -> 404 (22 chars)
2025-10-23 19:05:07 - src.app_final_vue - INFO - [RESPONSE #294] GET vue_api.health_check -> 200 (446 chars)
2025-10-23 19:05:29 - src.app_final_vue - WARNING - [RESPONSE #295] GET None -> 404 (22 chars)
2025-10-23 19:05:29 - src.app_final_vue - WARNING - [RESPONSE #296] PRI None -> 404 (22 chars)
2025-10-23 19:05:30 - src.app_final_vue - WARNING - [RESPONSE #297] GET None -> 404 (22 chars)
2025-10-23 19:05:34 - src.memory_monitor - INFO - Memory usage: 50.2MB (0.3%)
2025-10-23 19:05:37 - src.app_final_vue - INFO - [RESPONSE #298] GET vue_api.health_check -> 200 (446 chars)
2025-10-23 19:06:08 - src.app_final_vue - INFO - [RESPONSE #299] GET vue_api.health_check -> 200 (446 chars)
2025-10-23 19:06:34 - src.memory_monitor - INFO - Memory usage: 50.2MB (0.3%)
2025-10-23 19:06:38 - src.app_final_vue - INFO - [RESPONSE #300] GET vue_api.health_check -> 200 (446 chars)
2025-10-23 19:07:08 - src.app_final_vue - INFO - [RESPONSE #301] GET vue_api.health_check -> 200 (446 chars)
2025-10-23 19:07:10 - src.app_final_vue - WARNING - [RESPONSE #302] GET None -> 404 (22 chars)
2025-10-23 19:07:11 - src.app_final_vue - WARNING - [RESPONSE #303] GET None -> 404 (22 chars)
2025-10-23 19:07:34 - src.memory_monitor - INFO - Memory usage: 50.2MB (0.3%)
2025-10-23 19:07:38 - src.app_final_vue - INFO - [RESPONSE #304] GET vue_api.health_check -> 200 (446 chars)
2025-10-23 19:08:08 - src.app_final_vue - INFO - [RESPONSE #305] GET vue_api.health_check -> 200 (446 chars)
2025-10-23 19:08:34 - src.memory_monitor - INFO - Memory usage: 50.2MB (0.3%)
2025-10-23 19:08:38 - src.app_final_vue - INFO - [RESPONSE #306] GET vue_api.health_check -> 200 (446 chars)
2025-10-23 19:09:08 - src.app_final_vue - INFO - [RESPONSE #307] GET vue_api.health_check -> 200 (446 chars)
2025-10-23 19:09:34 - src.memory_monitor - INFO - Memory usage: 50.2MB (0.3%)
2025-10-23 19:09:39 - src.app_final_vue - INFO - [RESPONSE #308] GET vue_api.health_check -> 200 (446 chars)
2025-10-23 19:10:09 - src.app_final_vue - INFO - [RESPONSE #309] GET vue_api.health_check -> 200 (446 chars)
2025-10-23 19:10:34 - src.memory_monitor - INFO - Memory usage: 50.2MB (0.3%)
2025-10-23 19:10:39 - src.app_final_vue - INFO - [RESPONSE #310] GET vue_api.health_check -> 200 (446 chars)
2025-10-23 19:11:09 - src.app_final_vue - INFO - [RESPONSE #311] GET vue_api.health_check -> 200 (446 chars)
2025-10-23 19:11:34 - src.memory_monitor - INFO - Memory usage: 50.2MB (0.3%)
2025-10-23 19:11:39 - src.app_final_vue - INFO - [RESPONSE #312] GET vue_api.health_check -> 200 (446 chars)
2025-10-23 19:12:09 - src.app_final_vue - INFO - [RESPONSE #313] GET vue_api.health_check -> 200 (446 chars)
2025-10-23 19:12:34 - src.memory_monitor - INFO - Memory usage: 50.2MB (0.3%)
2025-10-23 19:12:39 - src.app_final_vue - INFO - [RESPONSE #314] GET vue_api.health_check -> 200 (446 chars)
2025-10-23 19:13:10 - src.app_final_vue - INFO - [RESPONSE #315] GET vue_api.health_check -> 200 (446 chars)
2025-10-23 19:13:34 - src.memory_monitor - INFO - Memory usage: 50.2MB (0.3%)
2025-10-23 19:13:40 - src.app_final_vue - INFO - [RESPONSE #316] GET vue_api.health_check -> 200 (446 chars)
2025-10-23 19:14:10 - src.app_final_vue - INFO - [RESPONSE #317] GET vue_api.health_check -> 200 (446 chars)
2025-10-23 19:14:34 - src.memory_monitor - INFO - Memory usage: 50.2MB (0.3%)
2025-10-23 19:14:40 - src.app_final_vue - INFO - [RESPONSE #318] GET vue_api.health_check -> 200 (446 chars)
2025-10-23 19:15:10 - src.app_final_vue - INFO - [RESPONSE #319] GET vue_api.health_check -> 200 (446 chars)
2025-10-23 19:15:34 - src.memory_monitor - INFO - Memory usage: 50.2MB (0.3%)
2025-10-23 19:15:40 - src.app_final_vue - INFO - [RESPONSE #320] GET vue_api.health_check -> 200 (446 chars)
2025-10-23 19:16:11 - src.app_final_vue - INFO - [RESPONSE #321] GET vue_api.health_check -> 200 (446 chars)
2025-10-23 19:16:34 - src.memory_monitor - INFO - Memory usage: 50.2MB (0.3%)
2025-10-23 19:16:41 - src.app_final_vue - INFO - [RESPONSE #322] GET vue_api.health_check -> 200 (446 chars)
2025-10-23 19:17:11 - src.app_final_vue - INFO - [RESPONSE #323] GET vue_api.health_check -> 200 (446 chars)
2025-10-23 19:17:34 - src.memory_monitor - INFO - Memory usage: 50.2MB (0.3%)
2025-10-23 19:17:41 - src.app_final_vue - INFO - [RESPONSE #324] GET vue_api.health_check -> 200 (446 chars)
2025-10-23 19:18:11 - src.app_final_vue - INFO - [RESPONSE #325] GET vue_api.health_check -> 200 (446 chars)
2025-10-23 19:18:34 - src.memory_monitor - INFO - Memory usage: 50.2MB (0.3%)
2025-10-23 19:18:41 - src.app_final_vue - INFO - [RESPONSE #326] GET vue_api.health_check -> 200 (446 chars)
2025-10-23 19:19:11 - src.app_final_vue - INFO - [RESPONSE #327] GET vue_api.health_check -> 200 (446 chars)
2025-10-23 19:19:34 - src.memory_monitor - INFO - Memory usage: 50.2MB (0.3%)
2025-10-23 19:19:41 - src.app_final_vue - INFO - [RESPONSE #328] GET vue_api.health_check -> 200 (446 chars)
2025-10-23 19:20:12 - src.app_final_vue - INFO - [RESPONSE #329] GET vue_api.health_check -> 200 (446 chars)
2025-10-23 19:20:34 - src.memory_monitor - INFO - Memory usage: 50.2MB (0.3%)
2025-10-23 19:20:42 - src.app_final_vue - INFO - [RESPONSE #330] GET vue_api.health_check -> 200 (446 chars)
2025-10-23 19:21:12 - src.app_final_vue - INFO - [RESPONSE #331] GET vue_api.health_check -> 200 (446 chars)
2025-10-23 19:21:35 - src.memory_monitor - INFO - Memory usage: 50.2MB (0.3%)
2025-10-23 19:21:42 - src.app_final_vue - INFO - [RESPONSE #332] GET vue_api.health_check -> 200 (446 chars)
2025-10-23 19:22:12 - src.app_final_vue - INFO - [RESPONSE #333] GET vue_api.health_check -> 200 (446 chars)
2025-10-23 19:22:35 - src.memory_monitor - INFO - Memory usage: 50.2MB (0.3%)
2025-10-23 19:22:42 - src.app_final_vue - INFO - [RESPONSE #334] GET vue_api.health_check -> 200 (446 chars)
2025-10-23 19:23:12 - src.app_final_vue - INFO - [RESPONSE #335] GET vue_api.health_check -> 200 (446 chars)
2025-10-23 19:23:35 - src.memory_monitor - INFO - Memory usage: 50.2MB (0.3%)
2025-10-23 19:23:43 - src.app_final_vue - INFO - [RESPONSE #336] GET vue_api.health_check -> 200 (446 chars)
2025-10-23 19:24:13 - src.app_final_vue - INFO - [RESPONSE #337] GET vue_api.health_check -> 200 (446 chars)
2025-10-23 19:24:35 - src.memory_monitor - INFO - Memory usage: 50.2MB (0.3%)
2025-10-23 19:24:43 - src.app_final_vue - INFO - [RESPONSE #338] GET vue_api.health_check -> 200 (446 chars)
2025-10-23 19:25:13 - src.app_final_vue - INFO - [RESPONSE #339] GET vue_api.health_check -> 200 (446 chars)
2025-10-23 19:25:35 - src.memory_monitor - INFO - Memory usage: 50.2MB (0.3%)
2025-10-23 19:25:43 - src.app_final_vue - INFO - [RESPONSE #340] GET vue_api.health_check -> 200 (446 chars)
2025-10-23 19:26:13 - src.app_final_vue - INFO - [RESPONSE #341] GET vue_api.health_check -> 200 (446 chars)
2025-10-23 19:26:35 - src.memory_monitor - INFO - Memory usage: 50.2MB (0.3%)
2025-10-23 19:26:44 - src.app_final_vue - INFO - [RESPONSE #342] GET vue_api.health_check -> 200 (446 chars)
2025-10-23 19:27:14 - src.app_final_vue - INFO - [RESPONSE #343] GET vue_api.health_check -> 200 (446 chars)
2025-10-23 19:27:35 - src.memory_monitor - INFO - Memory usage: 50.2MB (0.3%)
2025-10-23 19:27:44 - src.app_final_vue - INFO - [RESPONSE #344] GET vue_api.health_check -> 200 (446 chars)
2025-10-23 19:28:14 - src.app_final_vue - INFO - [RESPONSE #345] GET vue_api.health_check -> 200 (446 chars)
2025-10-23 19:28:35 - src.memory_monitor - INFO - Memory usage: 50.2MB (0.3%)
2025-10-23 19:28:44 - src.app_final_vue - INFO - [RESPONSE #346] GET vue_api.health_check -> 200 (446 chars)
2025-10-23 19:29:14 - src.app_final_vue - INFO - [RESPONSE #347] GET vue_api.health_check -> 200 (446 chars)
2025-10-23 19:29:35 - src.memory_monitor - INFO - Memory usage: 50.2MB (0.3%)
2025-10-23 19:29:44 - src.app_final_vue - INFO - [RESPONSE #348] GET vue_api.health_check -> 200 (446 chars)
2025-10-23 19:30:15 - src.app_final_vue - INFO - [RESPONSE #349] GET vue_api.health_check -> 200 (446 chars)
2025-10-23 19:30:35 - src.memory_monitor - INFO - Memory usage: 50.2MB (0.3%)
2025-10-23 19:30:45 - src.app_final_vue - INFO - [RESPONSE #350] GET vue_api.health_check -> 200 (446 chars)
2025-10-23 19:31:15 - src.app_final_vue - INFO - [RESPONSE #351] GET vue_api.health_check -> 200 (446 chars)
2025-10-23 19:31:35 - src.memory_monitor - INFO - Memory usage: 50.2MB (0.3%)
2025-10-23 19:31:45 - src.app_final_vue - INFO - [RESPONSE #352] GET vue_api.health_check -> 200 (446 chars)
2025-10-23 19:32:15 - src.app_final_vue - INFO - [RESPONSE #353] GET vue_api.health_check -> 200 (446 chars)
2025-10-23 19:32:35 - src.memory_monitor - INFO - Memory usage: 50.2MB (0.3%)
2025-10-23 19:32:45 - src.app_final_vue - INFO - [RESPONSE #354] GET vue_api.health_check -> 200 (446 chars)
2025-10-23 19:33:15 - src.app_final_vue - INFO - [RESPONSE #355] GET vue_api.health_check -> 200 (446 chars)
2025-10-23 19:33:35 - src.memory_monitor - INFO - Memory usage: 50.2MB (0.3%)
2025-10-23 19:33:46 - src.app_final_vue - INFO - [RESPONSE #356] GET vue_api.health_check -> 200 (446 chars)
2025-10-23 19:34:16 - src.app_final_vue - INFO - [RESPONSE #357] GET vue_api.health_check -> 200 (446 chars)
2025-10-23 19:34:35 - src.memory_monitor - INFO - Memory usage: 50.2MB (0.3%)
2025-10-23 19:34:46 - src.app_final_vue - INFO - [RESPONSE #358] GET vue_api.health_check -> 200 (446 chars)
2025-10-23 19:35:16 - src.app_final_vue - INFO - [RESPONSE #359] GET vue_api.health_check -> 200 (446 chars)
2025-10-23 19:35:35 - src.memory_monitor - INFO - Memory usage: 50.2MB (0.3%)
2025-10-23 19:35:46 - src.app_final_vue - INFO - [RESPONSE #360] GET vue_api.health_check -> 200 (446 chars)
2025-10-23 19:36:16 - src.app_final_vue - INFO - [RESPONSE #361] GET vue_api.health_check -> 200 (446 chars)
2025-10-23 19:36:35 - src.memory_monitor - INFO - Memory usage: 50.2MB (0.3%)
2025-10-23 19:36:46 - src.app_final_vue - INFO - [RESPONSE #362] GET vue_api.health_check -> 200 (446 chars)
2025-10-23 19:37:17 - src.app_final_vue - INFO - [RESPONSE #363] GET vue_api.health_check -> 200 (446 chars)
2025-10-23 19:37:35 - src.memory_monitor - INFO - Memory usage: 50.2MB (0.3%)
2025-10-23 19:37:47 - src.app_final_vue - INFO - [RESPONSE #364] GET vue_api.health_check -> 200 (446 chars)
2025-10-23 19:38:17 - src.app_final_vue - INFO - [RESPONSE #365] GET vue_api.health_check -> 200 (446 chars)
2025-10-23 19:38:35 - src.memory_monitor - INFO - Memory usage: 50.2MB (0.3%)
2025-10-23 19:38:47 - src.app_final_vue - INFO - [RESPONSE #366] GET vue_api.health_check -> 200 (446 chars)
2025-10-23 19:39:17 - src.app_final_vue - INFO - [RESPONSE #367] GET vue_api.health_check -> 200 (446 chars)
2025-10-23 19:39:36 - src.memory_monitor - INFO - Memory usage: 50.2MB (0.3%)
2025-10-23 19:39:47 - src.app_final_vue - INFO - [RESPONSE #368] GET vue_api.health_check -> 200 (446 chars)
2025-10-23 19:40:18 - src.app_final_vue - INFO - [RESPONSE #369] GET vue_api.health_check -> 200 (446 chars)
2025-10-23 19:40:36 - src.memory_monitor - INFO - Memory usage: 50.2MB (0.3%)
2025-10-23 19:40:48 - src.app_final_vue - INFO - [RESPONSE #370] GET vue_api.health_check -> 200 (446 chars)
2025-10-23 19:41:18 - src.app_final_vue - INFO - [RESPONSE #371] GET vue_api.health_check -> 200 (446 chars)
2025-10-23 19:41:36 - src.memory_monitor - INFO - Memory usage: 50.2MB (0.3%)
2025-10-23 19:41:48 - src.app_final_vue - INFO - [RESPONSE #372] GET vue_api.health_check -> 200 (446 chars)
2025-10-23 19:42:18 - src.app_final_vue - INFO - [RESPONSE #373] GET vue_api.health_check -> 200 (446 chars)
2025-10-23 19:42:36 - src.memory_monitor - INFO - Memory usage: 50.2MB (0.3%)
2025-10-23 19:42:48 - src.app_final_vue - INFO - [RESPONSE #374] GET vue_api.health_check -> 200 (446 chars)
2025-10-23 19:43:18 - src.app_final_vue - INFO - [RESPONSE #375] GET vue_api.health_check -> 200 (446 chars)
2025-10-23 19:43:36 - src.memory_monitor - INFO - Memory usage: 50.2MB (0.3%)
2025-10-23 19:43:49 - src.app_final_vue - INFO - [RESPONSE #376] GET vue_api.health_check -> 200 (446 chars)
2025-10-23 19:44:19 - src.app_final_vue - INFO - [RESPONSE #377] GET vue_api.health_check -> 200 (446 chars)
2025-10-23 19:44:36 - src.memory_monitor - INFO - Memory usage: 50.2MB (0.3%)
2025-10-23 19:44:49 - src.app_final_vue - INFO - [RESPONSE #378] GET vue_api.health_check -> 200 (446 chars)
2025-10-23 19:45:19 - src.app_final_vue - INFO - [RESPONSE #379] GET vue_api.health_check -> 200 (446 chars)
2025-10-23 19:45:36 - src.memory_monitor - INFO - Memory usage: 50.2MB (0.3%)
2025-10-23 19:45:49 - src.app_final_vue - INFO - [RESPONSE #380] GET vue_api.health_check -> 200 (446 chars)
2025-10-23 19:46:19 - src.app_final_vue - INFO - [RESPONSE #381] GET vue_api.health_check -> 200 (446 chars)
2025-10-23 19:46:36 - src.memory_monitor - INFO - Memory usage: 50.2MB (0.3%)
2025-10-23 19:46:50 - src.app_final_vue - INFO - [RESPONSE #382] GET vue_api.health_check -> 200 (446 chars)
2025-10-23 19:47:20 - src.app_final_vue - INFO - [RESPONSE #383] GET vue_api.health_check -> 200 (446 chars)
2025-10-23 19:47:36 - src.memory_monitor - INFO - Memory usage: 50.2MB (0.3%)
2025-10-23 19:47:47 - src.app_final_vue - WARNING - [RESPONSE #384] GET None -> 404 (22 chars)
2025-10-23 19:47:50 - src.app_final_vue - INFO - [RESPONSE #385] GET vue_api.health_check -> 200 (446 chars)
2025-10-23 19:48:03 - src.app_final_vue - WARNING - [RESPONSE #386] OPTIONS None -> 404 (22 chars)
2025-10-23 19:48:20 - src.app_final_vue - INFO - [RESPONSE #387] GET vue_api.health_check -> 200 (446 chars)
2025-10-23 19:48:36 - src.memory_monitor - INFO - Memory usage: 50.2MB (0.3%)
2025-10-23 19:48:37 - src.app_final_vue - WARNING - [RESPONSE #388] GET None -> 404 (22 chars)
2025-10-23 19:48:37 - src.app_final_vue - WARNING - [RESPONSE #389] GET None -> 404 (22 chars)
2025-10-23 19:48:37 - src.app_final_vue - WARNING - [RESPONSE #390] GET None -> 404 (22 chars)
2025-10-23 19:48:37 - src.app_final_vue - WARNING - [RESPONSE #391] GET None -> 404 (22 chars)
2025-10-23 19:48:38 - src.app_final_vue - WARNING - [RESPONSE #392] GET None -> 404 (22 chars)
2025-10-23 19:48:38 - src.app_final_vue - WARNING - [RESPONSE #393] GET None -> 404 (22 chars)
2025-10-23 19:48:38 - src.app_final_vue - WARNING - [RESPONSE #394] GET None -> 404 (22 chars)
2025-10-23 19:48:38 - src.app_final_vue - WARNING - [RESPONSE #395] GET None -> 404 (22 chars)
2025-10-23 19:48:50 - src.app_final_vue - INFO - [RESPONSE #396] GET vue_api.health_check -> 200 (446 chars)
2025-10-23 19:49:20 - src.app_final_vue - INFO - [RESPONSE #397] GET vue_api.health_check -> 200 (446 chars)
2025-10-23 19:49:36 - src.memory_monitor - INFO - Memory usage: 50.2MB (0.3%)
2025-10-23 19:49:50 - src.app_final_vue - INFO - [RESPONSE #398] GET vue_api.health_check -> 200 (446 chars)
2025-10-23 19:50:20 - src.app_final_vue - INFO - [RESPONSE #399] GET vue_api.health_check -> 200 (446 chars)
2025-10-23 19:50:36 - src.memory_monitor - INFO - Memory usage: 50.2MB (0.3%)
2025-10-23 19:50:51 - src.app_final_vue - INFO - [RESPONSE #400] GET vue_api.health_check -> 200 (446 chars)
2025-10-23 19:51:21 - src.app_final_vue - INFO - [RESPONSE #401] GET vue_api.health_check -> 200 (446 chars)
2025-10-23 19:51:36 - src.memory_monitor - INFO - Memory usage: 50.2MB (0.3%)
2025-10-23 19:51:51 - src.app_final_vue - INFO - [RESPONSE #402] GET vue_api.health_check -> 200 (446 chars)
2025-10-23 19:52:21 - src.app_final_vue - INFO - [RESPONSE #403] GET vue_api.health_check -> 200 (446 chars)
2025-10-23 19:52:36 - src.memory_monitor - INFO - Memory usage: 50.2MB (0.3%)
2025-10-23 19:52:51 - src.app_final_vue - INFO - [RESPONSE #404] GET vue_api.health_check -> 200 (446 chars)
2025-10-23 19:53:21 - src.app_final_vue - INFO - [RESPONSE #405] GET vue_api.health_check -> 200 (446 chars)
2025-10-23 19:53:36 - src.memory_monitor - INFO - Memory usage: 50.2MB (0.3%)
2025-10-23 19:53:52 - src.app_final_vue - INFO - [RESPONSE #406] GET vue_api.health_check -> 200 (446 chars)
2025-10-23 19:54:22 - src.app_final_vue - INFO - [RESPONSE #407] GET vue_api.health_check -> 200 (446 chars)
2025-10-23 19:54:36 - src.memory_monitor - INFO - Memory usage: 50.2MB (0.3%)
2025-10-23 19:54:52 - src.app_final_vue - INFO - [RESPONSE #408] GET vue_api.health_check -> 200 (446 chars)
2025-10-23 19:55:22 - src.app_final_vue - INFO - [RESPONSE #409] GET vue_api.health_check -> 200 (446 chars)
2025-10-23 19:55:36 - src.memory_monitor - INFO - Memory usage: 50.2MB (0.3%)
2025-10-23 19:55:52 - src.app_final_vue - INFO - [RESPONSE #410] GET vue_api.health_check -> 200 (446 chars)
2025-10-23 19:56:22 - src.app_final_vue - INFO - [RESPONSE #411] GET vue_api.health_check -> 200 (446 chars)
2025-10-23 19:56:37 - src.memory_monitor - INFO - Memory usage: 50.2MB (0.3%)
2025-10-23 19:56:53 - src.app_final_vue - INFO - [RESPONSE #412] GET vue_api.health_check -> 200 (446 chars)
2025-10-23 19:57:23 - src.app_final_vue - INFO - [RESPONSE #413] GET vue_api.health_check -> 200 (446 chars)
2025-10-23 19:57:37 - src.memory_monitor - INFO - Memory usage: 50.2MB (0.3%)
2025-10-23 19:57:53 - src.app_final_vue - INFO - [RESPONSE #414] GET vue_api.health_check -> 200 (446 chars)
2025-10-23 19:58:23 - src.app_final_vue - INFO - [RESPONSE #415] GET vue_api.health_check -> 200 (446 chars)
2025-10-23 19:58:37 - src.memory_monitor - INFO - Memory usage: 50.2MB (0.3%)
2025-10-23 19:58:53 - src.app_final_vue - INFO - [RESPONSE #416] GET vue_api.health_check -> 200 (446 chars)
2025-10-23 19:59:23 - src.app_final_vue - INFO - [RESPONSE #417] GET vue_api.health_check -> 200 (446 chars)
2025-10-23 19:59:37 - src.memory_monitor - INFO - Memory usage: 50.2MB (0.3%)
2025-10-23 19:59:53 - src.app_final_vue - INFO - [RESPONSE #418] GET vue_api.health_check -> 200 (446 chars)
2025-10-23 20:00:24 - src.app_final_vue - INFO - [RESPONSE #419] GET vue_api.health_check -> 200 (446 chars)
2025-10-23 20:00:37 - src.memory_monitor - INFO - Memory usage: 50.2MB (0.3%)
2025-10-23 20:00:54 - src.app_final_vue - INFO - [RESPONSE #420] GET vue_api.health_check -> 200 (446 chars)
2025-10-23 20:01:24 - src.app_final_vue - INFO - [RESPONSE #421] GET vue_api.health_check -> 200 (446 chars)
2025-10-23 20:01:37 - src.memory_monitor - INFO - Memory usage: 50.2MB (0.3%)
2025-10-23 20:01:54 - src.app_final_vue - INFO - [RESPONSE #422] GET vue_api.health_check -> 200 (446 chars)
2025-10-23 20:02:24 - src.app_final_vue - INFO - [RESPONSE #423] GET vue_api.health_check -> 200 (446 chars)
2025-10-23 20:02:37 - src.memory_monitor - INFO - Memory usage: 50.2MB (0.3%)
2025-10-23 20:02:54 - src.app_final_vue - INFO - [RESPONSE #424] GET vue_api.health_check -> 200 (446 chars)
2025-10-23 20:03:24 - src.app_final_vue - INFO - [RESPONSE #425] GET vue_api.health_check -> 200 (446 chars)
2025-10-23 20:03:37 - src.memory_monitor - INFO - Memory usage: 50.2MB (0.3%)
2025-10-23 20:03:55 - src.app_final_vue - INFO - [RESPONSE #426] GET vue_api.health_check -> 200 (446 chars)
2025-10-23 20:04:25 - src.app_final_vue - INFO - [RESPONSE #427] GET vue_api.health_check -> 200 (446 chars)
2025-10-23 20:04:37 - src.memory_monitor - INFO - Memory usage: 50.2MB (0.3%)
2025-10-23 20:04:55 - src.app_final_vue - INFO - [RESPONSE #428] GET vue_api.health_check -> 200 (446 chars)
2025-10-23 20:05:25 - src.app_final_vue - INFO - [RESPONSE #429] GET vue_api.health_check -> 200 (446 chars)
2025-10-23 20:05:37 - src.memory_monitor - INFO - Memory usage: 50.2MB (0.3%)
2025-10-23 20:05:55 - src.app_final_vue - INFO - [RESPONSE #430] GET vue_api.health_check -> 200 (446 chars)
2025-10-23 20:06:25 - src.app_final_vue - INFO - [RESPONSE #431] GET vue_api.health_check -> 200 (446 chars)
2025-10-23 20:06:37 - src.memory_monitor - INFO - Memory usage: 50.2MB (0.3%)
2025-10-23 20:06:56 - src.app_final_vue - INFO - [RESPONSE #432] GET vue_api.health_check -> 200 (446 chars)
2025-10-23 20:07:26 - src.app_final_vue - INFO - [RESPONSE #433] GET vue_api.health_check -> 200 (446 chars)
2025-10-23 20:07:37 - src.memory_monitor - INFO - Memory usage: 50.2MB (0.3%)
2025-10-23 20:07:56 - src.app_final_vue - INFO - [RESPONSE #434] GET vue_api.health_check -> 200 (446 chars)
2025-10-23 20:08:26 - src.app_final_vue - INFO - [RESPONSE #435] GET vue_api.health_check -> 200 (446 chars)
2025-10-23 20:08:37 - src.memory_monitor - INFO - Memory usage: 50.2MB (0.3%)
2025-10-23 20:08:56 - src.app_final_vue - INFO - [RESPONSE #436] GET vue_api.health_check -> 200 (446 chars)
2025-10-23 20:09:26 - src.app_final_vue - INFO - [RESPONSE #437] GET vue_api.health_check -> 200 (446 chars)
2025-10-23 20:09:37 - src.memory_monitor - INFO - Memory usage: 50.2MB (0.3%)
2025-10-23 20:09:57 - src.app_final_vue - INFO - [RESPONSE #438] GET vue_api.health_check -> 200 (446 chars)
2025-10-23 20:10:27 - src.app_final_vue - INFO - [RESPONSE #439] GET vue_api.health_check -> 200 (446 chars)
2025-10-23 20:10:37 - src.memory_monitor - INFO - Memory usage: 50.2MB (0.3%)
2025-10-23 20:10:57 - src.app_final_vue - INFO - [RESPONSE #440] GET vue_api.health_check -> 200 (446 chars)
2025-10-23 20:11:27 - src.app_final_vue - INFO - [RESPONSE #441] GET vue_api.health_check -> 200 (446 chars)
2025-10-23 20:11:37 - src.memory_monitor - INFO - Memory usage: 50.2MB (0.3%)
2025-10-23 20:11:57 - src.app_final_vue - INFO - [RESPONSE #442] GET vue_api.health_check -> 200 (446 chars)
2025-10-23 20:12:27 - src.app_final_vue - INFO - [RESPONSE #443] GET vue_api.health_check -> 200 (446 chars)
2025-10-23 20:12:37 - src.memory_monitor - INFO - Memory usage: 50.2MB (0.3%)
2025-10-23 20:12:57 - src.app_final_vue - INFO - [RESPONSE #444] GET vue_api.health_check -> 200 (446 chars)
2025-10-23 20:13:28 - src.app_final_vue - INFO - [RESPONSE #445] GET vue_api.health_check -> 200 (446 chars)
2025-10-23 20:13:38 - src.memory_monitor - INFO - Memory usage: 50.2MB (0.3%)
2025-10-23 20:13:58 - src.app_final_vue - INFO - [RESPONSE #446] GET vue_api.health_check -> 200 (446 chars)
2025-10-23 20:14:28 - src.app_final_vue - INFO - [RESPONSE #447] GET vue_api.health_check -> 200 (446 chars)
2025-10-23 20:14:38 - src.memory_monitor - INFO - Memory usage: 50.2MB (0.3%)
2025-10-23 20:14:58 - src.app_final_vue - INFO - [RESPONSE #448] GET vue_api.health_check -> 200 (446 chars)
2025-10-23 20:15:28 - src.app_final_vue - INFO - [RESPONSE #449] GET vue_api.health_check -> 200 (446 chars)
2025-10-23 20:15:38 - src.memory_monitor - INFO - Memory usage: 50.2MB (0.3%)
2025-10-23 20:15:58 - src.app_final_vue - INFO - [RESPONSE #450] GET vue_api.health_check -> 200 (446 chars)
2025-10-23 20:16:28 - src.app_final_vue - INFO - [RESPONSE #451] GET vue_api.health_check -> 200 (446 chars)
2025-10-23 20:16:38 - src.memory_monitor - INFO - Memory usage: 50.2MB (0.3%)
2025-10-23 20:16:59 - src.app_final_vue - INFO - [RESPONSE #452] GET vue_api.health_check -> 200 (446 chars)
2025-10-23 20:17:29 - src.app_final_vue - INFO - [RESPONSE #453] GET vue_api.health_check -> 200 (446 chars)
2025-10-23 20:17:38 - src.memory_monitor - INFO - Memory usage: 50.2MB (0.3%)
2025-10-23 20:17:59 - src.app_final_vue - INFO - [RESPONSE #454] GET vue_api.health_check -> 200 (446 chars)
2025-10-23 20:18:29 - src.app_final_vue - INFO - [RESPONSE #455] GET vue_api.health_check -> 200 (446 chars)
2025-10-23 20:18:38 - src.memory_monitor - INFO - Memory usage: 50.2MB (0.3%)
2025-10-23 20:18:59 - src.app_final_vue - INFO - [RESPONSE #456] GET vue_api.health_check -> 200 (446 chars)
2025-10-23 20:19:29 - src.app_final_vue - INFO - [RESPONSE #457] GET vue_api.health_check -> 200 (446 chars)
2025-10-23 20:19:38 - src.memory_monitor - INFO - Memory usage: 50.2MB (0.3%)
2025-10-23 20:19:59 - src.app_final_vue - INFO - [RESPONSE #458] GET vue_api.health_check -> 200 (446 chars)
2025-10-23 20:20:30 - src.app_final_vue - INFO - [RESPONSE #459] GET vue_api.health_check -> 200 (446 chars)
2025-10-23 20:20:38 - src.memory_monitor - INFO - Memory usage: 50.2MB (0.3%)
2025-10-23 20:21:00 - src.app_final_vue - INFO - [RESPONSE #460] GET vue_api.health_check -> 200 (446 chars)
2025-10-23 20:21:30 - src.app_final_vue - INFO - [RESPONSE #461] GET vue_api.health_check -> 200 (446 chars)
2025-10-23 20:21:38 - src.memory_monitor - INFO - Memory usage: 50.2MB (0.3%)
2025-10-23 20:22:00 - src.app_final_vue - INFO - [RESPONSE #462] GET vue_api.health_check -> 200 (446 chars)
2025-10-23 20:22:30 - src.app_final_vue - INFO - [RESPONSE #463] GET vue_api.health_check -> 200 (446 chars)
2025-10-23 20:22:38 - src.memory_monitor - INFO - Memory usage: 50.2MB (0.3%)
2025-10-23 20:23:00 - src.app_final_vue - INFO - [RESPONSE #464] GET vue_api.health_check -> 200 (446 chars)
2025-10-23 20:23:31 - src.app_final_vue - INFO - [RESPONSE #465] GET vue_api.health_check -> 200 (446 chars)
2025-10-23 20:23:38 - src.memory_monitor - INFO - Memory usage: 50.2MB (0.3%)
2025-10-23 20:24:01 - src.app_final_vue - INFO - [RESPONSE #466] GET vue_api.health_check -> 200 (446 chars)
2025-10-23 20:24:31 - src.app_final_vue - INFO - [RESPONSE #467] GET vue_api.health_check -> 200 (446 chars)
2025-10-23 20:24:38 - src.memory_monitor - INFO - Memory usage: 50.2MB (0.3%)
2025-10-23 20:25:01 - src.app_final_vue - INFO - [RESPONSE #468] GET vue_api.health_check -> 200 (446 chars)
2025-10-23 20:25:31 - src.app_final_vue - INFO - [RESPONSE #469] GET vue_api.health_check -> 200 (446 chars)
2025-10-23 20:25:38 - src.memory_monitor - INFO - Memory usage: 50.2MB (0.3%)
2025-10-23 20:26:01 - src.app_final_vue - INFO - [RESPONSE #470] GET vue_api.health_check -> 200 (446 chars)
2025-10-23 20:26:31 - src.app_final_vue - INFO - [RESPONSE #471] GET vue_api.health_check -> 200 (446 chars)
2025-10-23 20:26:38 - src.memory_monitor - INFO - Memory usage: 50.2MB (0.3%)
2025-10-23 20:27:02 - src.app_final_vue - INFO - [RESPONSE #472] GET vue_api.health_check -> 200 (446 chars)
2025-10-23 20:27:32 - src.app_final_vue - INFO - [RESPONSE #473] GET vue_api.health_check -> 200 (446 chars)
2025-10-23 20:27:38 - src.memory_monitor - INFO - Memory usage: 50.2MB (0.3%)
2025-10-23 20:28:02 - src.app_final_vue - INFO - [RESPONSE #474] GET vue_api.health_check -> 200 (446 chars)
2025-10-23 20:28:32 - src.app_final_vue - INFO - [RESPONSE #475] GET vue_api.health_check -> 200 (446 chars)
2025-10-23 20:28:38 - src.memory_monitor - INFO - Memory usage: 50.2MB (0.3%)
2025-10-23 20:29:02 - src.app_final_vue - INFO - [RESPONSE #476] GET vue_api.health_check -> 200 (446 chars)
2025-10-23 20:29:32 - src.app_final_vue - INFO - [RESPONSE #477] GET vue_api.health_check -> 200 (446 chars)
2025-10-23 20:29:38 - src.memory_monitor - INFO - Memory usage: 50.2MB (0.3%)
2025-10-23 20:30:02 - src.app_final_vue - INFO - [RESPONSE #478] GET vue_api.health_check -> 200 (446 chars)
2025-10-23 20:30:33 - src.app_final_vue - INFO - [RESPONSE #479] GET vue_api.health_check -> 200 (446 chars)
2025-10-23 20:30:38 - src.memory_monitor - INFO - Memory usage: 50.2MB (0.3%)
2025-10-23 20:31:03 - src.app_final_vue - INFO - [RESPONSE #480] GET vue_api.health_check -> 200 (446 chars)
2025-10-23 20:31:33 - src.app_final_vue - INFO - [RESPONSE #481] GET vue_api.health_check -> 200 (446 chars)
2025-10-23 20:31:39 - src.memory_monitor - INFO - Memory usage: 50.2MB (0.3%)
2025-10-23 20:32:03 - src.app_final_vue - INFO - [RESPONSE #482] GET vue_api.health_check -> 200 (446 chars)
2025-10-23 20:32:33 - src.app_final_vue - INFO - [RESPONSE #483] GET vue_api.health_check -> 200 (446 chars)
2025-10-23 20:32:39 - src.memory_monitor - INFO - Memory usage: 50.2MB (0.3%)
2025-10-23 20:33:03 - src.app_final_vue - INFO - [RESPONSE #484] GET vue_api.health_check -> 200 (446 chars)
2025-10-23 20:33:34 - src.app_final_vue - INFO - [RESPONSE #485] GET vue_api.health_check -> 200 (446 chars)
2025-10-23 20:33:39 - src.memory_monitor - INFO - Memory usage: 50.2MB (0.3%)
2025-10-23 20:34:04 - src.app_final_vue - INFO - [RESPONSE #486] GET vue_api.health_check -> 200 (446 chars)
2025-10-23 20:34:34 - src.app_final_vue - INFO - [RESPONSE #487] GET vue_api.health_check -> 200 (446 chars)
2025-10-23 20:34:39 - src.memory_monitor - INFO - Memory usage: 50.2MB (0.3%)
2025-10-23 20:35:04 - src.app_final_vue - INFO - [RESPONSE #488] GET vue_api.health_check -> 200 (446 chars)
2025-10-23 20:35:34 - src.app_final_vue - INFO - [RESPONSE #489] GET vue_api.health_check -> 200 (446 chars)
2025-10-23 20:35:39 - src.memory_monitor - INFO - Memory usage: 50.2MB (0.3%)
2025-10-23 20:36:04 - src.app_final_vue - INFO - [RESPONSE #490] GET vue_api.health_check -> 200 (446 chars)
2025-10-23 20:36:34 - src.app_final_vue - INFO - [RESPONSE #491] GET vue_api.health_check -> 200 (446 chars)
2025-10-23 20:36:39 - src.memory_monitor - INFO - Memory usage: 50.2MB (0.3%)
2025-10-23 20:37:05 - src.app_final_vue - INFO - [RESPONSE #492] GET vue_api.health_check -> 200 (446 chars)
2025-10-23 20:37:35 - src.app_final_vue - INFO - [RESPONSE #493] GET vue_api.health_check -> 200 (446 chars)
2025-10-23 20:37:39 - src.memory_monitor - INFO - Memory usage: 50.2MB (0.3%)
2025-10-23 20:38:05 - src.app_final_vue - INFO - [RESPONSE #494] GET vue_api.health_check -> 200 (446 chars)
2025-10-23 20:38:35 - src.app_final_vue - INFO - [RESPONSE #495] GET vue_api.health_check -> 200 (446 chars)
2025-10-23 20:38:39 - src.memory_monitor - INFO - Memory usage: 50.2MB (0.3%)
2025-10-23 20:39:05 - src.app_final_vue - INFO - [RESPONSE #496] GET vue_api.health_check -> 200 (446 chars)
2025-10-23 20:39:35 - src.app_final_vue - INFO - [RESPONSE #497] GET vue_api.health_check -> 200 (446 chars)
2025-10-23 20:39:39 - src.memory_monitor - INFO - Memory usage: 50.2MB (0.3%)
2025-10-23 20:40:06 - src.app_final_vue - INFO - [RESPONSE #498] GET vue_api.health_check -> 200 (446 chars)
2025-10-23 20:40:36 - src.app_final_vue - INFO - [RESPONSE #499] GET vue_api.health_check -> 200 (446 chars)
2025-10-23 20:40:39 - src.memory_monitor - INFO - Memory usage: 50.2MB (0.3%)
2025-10-23 20:41:06 - src.app_final_vue - INFO - [RESPONSE #500] GET vue_api.health_check -> 200 (446 chars)
2025-10-23 20:41:36 - src.app_final_vue - INFO - [RESPONSE #501] GET vue_api.health_check -> 200 (446 chars)
2025-10-23 20:41:39 - src.memory_monitor - INFO - Memory usage: 50.2MB (0.3%)
2025-10-23 20:42:06 - src.app_final_vue - INFO - [RESPONSE #502] GET vue_api.health_check -> 200 (446 chars)
2025-10-23 20:42:36 - src.app_final_vue - INFO - [RESPONSE #503] GET vue_api.health_check -> 200 (446 chars)
2025-10-23 20:42:39 - src.memory_monitor - INFO - Memory usage: 50.2MB (0.3%)
2025-10-23 20:43:07 - src.app_final_vue - INFO - [RESPONSE #504] GET vue_api.health_check -> 200 (446 chars)
2025-10-23 20:43:37 - src.app_final_vue - INFO - [RESPONSE #505] GET vue_api.health_check -> 200 (446 chars)
2025-10-23 20:43:39 - src.memory_monitor - INFO - Memory usage: 50.2MB (0.3%)
2025-10-23 20:44:07 - src.app_final_vue - INFO - [RESPONSE #506] GET vue_api.health_check -> 200 (446 chars)
2025-10-23 20:44:37 - src.app_final_vue - INFO - [RESPONSE #507] GET vue_api.health_check -> 200 (446 chars)
2025-10-23 20:44:39 - src.memory_monitor - INFO - Memory usage: 50.2MB (0.3%)
2025-10-23 20:45:07 - src.app_final_vue - INFO - [RESPONSE #508] GET vue_api.health_check -> 200 (446 chars)
2025-10-23 20:45:37 - src.app_final_vue - INFO - [RESPONSE #509] GET vue_api.health_check -> 200 (446 chars)
2025-10-23 20:45:39 - src.memory_monitor - INFO - Memory usage: 50.2MB (0.3%)
2025-10-23 20:46:07 - src.app_final_vue - INFO - [RESPONSE #510] GET vue_api.health_check -> 200 (446 chars)
2025-10-23 20:46:38 - src.app_final_vue - INFO - [RESPONSE #511] GET vue_api.health_check -> 200 (446 chars)
2025-10-23 20:46:39 - src.memory_monitor - INFO - Memory usage: 50.2MB (0.3%)
2025-10-23 20:47:08 - src.app_final_vue - INFO - [RESPONSE #512] GET vue_api.health_check -> 200 (446 chars)
2025-10-23 20:47:38 - src.app_final_vue - INFO - [RESPONSE #513] GET vue_api.health_check -> 200 (446 chars)
2025-10-23 20:47:39 - src.memory_monitor - INFO - Memory usage: 50.2MB (0.3%)
2025-10-23 20:48:08 - src.app_final_vue - INFO - [RESPONSE #514] GET vue_api.health_check -> 200 (446 chars)
2025-10-23 20:48:38 - src.app_final_vue - INFO - [RESPONSE #515] GET vue_api.health_check -> 200 (446 chars)
2025-10-23 20:48:39 - src.memory_monitor - INFO - Memory usage: 50.2MB (0.3%)
2025-10-23 20:49:08 - src.app_final_vue - INFO - [RESPONSE #516] GET vue_api.health_check -> 200 (446 chars)
2025-10-23 20:49:38 - src.app_final_vue - INFO - [RESPONSE #517] GET vue_api.health_check -> 200 (446 chars)
2025-10-23 20:49:40 - src.memory_monitor - INFO - Memory usage: 50.2MB (0.3%)
2025-10-23 20:50:09 - src.app_final_vue - INFO - [RESPONSE #518] GET vue_api.health_check -> 200 (446 chars)
2025-10-23 20:50:39 - src.app_final_vue - INFO - [RESPONSE #519] GET vue_api.health_check -> 200 (446 chars)
2025-10-23 20:50:40 - src.memory_monitor - INFO - Memory usage: 50.2MB (0.3%)
2025-10-23 20:51:09 - src.app_final_vue - INFO - [RESPONSE #520] GET vue_api.health_check -> 200 (446 chars)
2025-10-23 20:51:39 - src.app_final_vue - INFO - [RESPONSE #521] GET vue_api.health_check -> 200 (446 chars)
2025-10-23 20:51:40 - src.memory_monitor - INFO - Memory usage: 50.2MB (0.3%)
2025-10-23 20:52:09 - src.app_final_vue - INFO - [RESPONSE #522] GET vue_api.health_check -> 200 (446 chars)
2025-10-23 20:52:39 - src.app_final_vue - INFO - [RESPONSE #523] GET vue_api.health_check -> 200 (446 chars)
2025-10-23 20:52:40 - src.memory_monitor - INFO - Memory usage: 50.2MB (0.3%)
2025-10-23 20:53:10 - src.app_final_vue - INFO - [RESPONSE #524] GET vue_api.health_check -> 200 (446 chars)
2025-10-23 20:53:40 - src.app_final_vue - INFO - [RESPONSE #525] GET vue_api.health_check -> 200 (446 chars)
2025-10-23 20:53:40 - src.memory_monitor - INFO - Memory usage: 50.2MB (0.3%)
2025-10-23 20:54:10 - src.app_final_vue - INFO - [RESPONSE #526] GET vue_api.health_check -> 200 (446 chars)
2025-10-23 20:54:40 - src.memory_monitor - INFO - Memory usage: 50.2MB (0.3%)
2025-10-23 20:54:40 - src.app_final_vue - INFO - [RESPONSE #527] GET vue_api.health_check -> 200 (446 chars)
2025-10-23 20:55:10 - src.app_final_vue - INFO - [RESPONSE #528] GET vue_api.health_check -> 200 (446 chars)
2025-10-23 20:55:40 - src.memory_monitor - INFO - Memory usage: 50.2MB (0.3%)
2025-10-23 20:55:40 - src.app_final_vue - INFO - [RESPONSE #529] GET vue_api.health_check -> 200 (446 chars)
2025-10-23 20:56:11 - src.app_final_vue - INFO - [RESPONSE #530] GET vue_api.health_check -> 200 (446 chars)
2025-10-23 20:56:40 - src.memory_monitor - INFO - Memory usage: 50.2MB (0.3%)
2025-10-23 20:56:41 - src.app_final_vue - INFO - [RESPONSE #531] GET vue_api.health_check -> 200 (446 chars)
2025-10-23 20:57:11 - src.app_final_vue - INFO - [RESPONSE #532] GET vue_api.health_check -> 200 (446 chars)
2025-10-23 20:57:40 - src.memory_monitor - INFO - Memory usage: 50.2MB (0.3%)
2025-10-23 20:57:41 - src.app_final_vue - INFO - [RESPONSE #533] GET vue_api.health_check -> 200 (446 chars)
2025-10-23 20:58:11 - src.app_final_vue - INFO - [RESPONSE #534] GET vue_api.health_check -> 200 (446 chars)
2025-10-23 20:58:40 - src.memory_monitor - INFO - Memory usage: 50.2MB (0.3%)
2025-10-23 20:58:41 - src.app_final_vue - INFO - [RESPONSE #535] GET vue_api.health_check -> 200 (446 chars)
2025-10-23 20:59:11 - src.app_final_vue - INFO - [RESPONSE #536] GET vue_api.health_check -> 200 (446 chars)
2025-10-23 20:59:40 - src.memory_monitor - INFO - Memory usage: 50.2MB (0.3%)
2025-10-23 20:59:42 - src.app_final_vue - INFO - [RESPONSE #537] GET vue_api.health_check -> 200 (446 chars)
2025-10-23 21:00:12 - src.app_final_vue - INFO - [RESPONSE #538] GET vue_api.health_check -> 200 (446 chars)
2025-10-23 21:00:40 - src.memory_monitor - INFO - Memory usage: 50.2MB (0.3%)
2025-10-23 21:00:42 - src.app_final_vue - INFO - [RESPONSE #539] GET vue_api.health_check -> 200 (446 chars)
2025-10-23 21:01:12 - src.app_final_vue - INFO - [RESPONSE #540] GET vue_api.health_check -> 200 (446 chars)
2025-10-23 21:01:40 - src.memory_monitor - INFO - Memory usage: 50.2MB (0.3%)
2025-10-23 21:01:42 - src.app_final_vue - INFO - [RESPONSE #541] GET vue_api.health_check -> 200 (446 chars)
2025-10-23 21:02:12 - src.app_final_vue - INFO - [RESPONSE #542] GET vue_api.health_check -> 200 (446 chars)
2025-10-23 21:02:40 - src.memory_monitor - INFO - Memory usage: 50.2MB (0.3%)
2025-10-23 21:02:42 - src.app_final_vue - INFO - [RESPONSE #543] GET vue_api.health_check -> 200 (446 chars)
2025-10-23 21:03:13 - src.app_final_vue - INFO - [RESPONSE #544] GET vue_api.health_check -> 200 (446 chars)
2025-10-23 21:03:40 - src.memory_monitor - INFO - Memory usage: 50.2MB (0.3%)
2025-10-23 21:03:43 - src.app_final_vue - INFO - [RESPONSE #545] GET vue_api.health_check -> 200 (446 chars)
2025-10-23 21:04:13 - src.app_final_vue - INFO - [RESPONSE #546] GET vue_api.health_check -> 200 (446 chars)
2025-10-23 21:04:40 - src.memory_monitor - INFO - Memory usage: 50.2MB (0.3%)
2025-10-23 21:04:43 - src.app_final_vue - INFO - [RESPONSE #547] GET vue_api.health_check -> 200 (446 chars)
2025-10-23 21:05:13 - src.app_final_vue - INFO - [RESPONSE #548] GET vue_api.health_check -> 200 (446 chars)
2025-10-23 21:05:40 - src.memory_monitor - INFO - Memory usage: 50.2MB (0.3%)
2025-10-23 21:05:43 - src.app_final_vue - INFO - [RESPONSE #549] GET vue_api.health_check -> 200 (446 chars)
2025-10-23 21:06:13 - src.app_final_vue - INFO - [RESPONSE #550] GET vue_api.health_check -> 200 (446 chars)
2025-10-23 21:06:41 - src.memory_monitor - INFO - Memory usage: 50.2MB (0.3%)
2025-10-23 21:06:44 - src.app_final_vue - INFO - [RESPONSE #551] GET vue_api.health_check -> 200 (446 chars)
2025-10-23 21:07:14 - src.app_final_vue - INFO - [RESPONSE #552] GET vue_api.health_check -> 200 (446 chars)
2025-10-23 21:07:41 - src.memory_monitor - INFO - Memory usage: 50.2MB (0.3%)
2025-10-23 21:07:44 - src.app_final_vue - INFO - [RESPONSE #553] GET vue_api.health_check -> 200 (446 chars)
2025-10-23 21:08:14 - src.app_final_vue - INFO - [RESPONSE #554] GET vue_api.health_check -> 200 (446 chars)
2025-10-23 21:08:41 - src.memory_monitor - INFO - Memory usage: 50.2MB (0.3%)
2025-10-23 21:08:44 - src.app_final_vue - INFO - [RESPONSE #555] GET vue_api.health_check -> 200 (446 chars)
2025-10-23 21:09:14 - src.app_final_vue - INFO - [RESPONSE #556] GET vue_api.health_check -> 200 (446 chars)
2025-10-23 21:09:41 - src.memory_monitor - INFO - Memory usage: 50.2MB (0.3%)
2025-10-23 21:09:44 - src.app_final_vue - INFO - [RESPONSE #557] GET vue_api.health_check -> 200 (446 chars)
2025-10-23 21:10:15 - src.app_final_vue - INFO - [RESPONSE #558] GET vue_api.health_check -> 200 (446 chars)
2025-10-23 21:10:41 - src.memory_monitor - INFO - Memory usage: 50.2MB (0.3%)
2025-10-23 21:10:45 - src.app_final_vue - INFO - [RESPONSE #559] GET vue_api.health_check -> 200 (446 chars)
2025-10-23 21:11:15 - src.app_final_vue - INFO - [RESPONSE #560] GET vue_api.health_check -> 200 (446 chars)
2025-10-23 21:11:41 - src.memory_monitor - INFO - Memory usage: 50.2MB (0.3%)
2025-10-23 21:11:45 - src.app_final_vue - INFO - [RESPONSE #561] GET vue_api.health_check -> 200 (446 chars)
2025-10-23 21:12:15 - src.app_final_vue - INFO - [RESPONSE #562] GET vue_api.health_check -> 200 (446 chars)
2025-10-23 21:12:41 - src.memory_monitor - INFO - Memory usage: 50.2MB (0.3%)
2025-10-23 21:12:45 - src.app_final_vue - INFO - [RESPONSE #563] GET vue_api.health_check -> 200 (446 chars)
2025-10-23 21:13:15 - src.app_final_vue - INFO - [RESPONSE #564] GET vue_api.health_check -> 200 (446 chars)
2025-10-23 21:13:41 - src.memory_monitor - INFO - Memory usage: 50.2MB (0.3%)
2025-10-23 21:13:46 - src.app_final_vue - INFO - [RESPONSE #565] GET vue_api.health_check -> 200 (446 chars)
2025-10-23 21:14:16 - src.app_final_vue - INFO - [RESPONSE #566] GET vue_api.health_check -> 200 (446 chars)
2025-10-23 21:14:41 - src.memory_monitor - INFO - Memory usage: 50.2MB (0.3%)
2025-10-23 21:14:46 - src.app_final_vue - INFO - [RESPONSE #567] GET vue_api.health_check -> 200 (446 chars)
2025-10-23 21:15:16 - src.app_final_vue - INFO - [RESPONSE #568] GET vue_api.health_check -> 200 (446 chars)
2025-10-23 21:15:41 - src.memory_monitor - INFO - Memory usage: 50.2MB (0.3%)
2025-10-23 21:15:46 - src.app_final_vue - INFO - [RESPONSE #569] GET vue_api.health_check -> 200 (446 chars)
2025-10-23 21:16:16 - src.app_final_vue - INFO - [RESPONSE #570] GET vue_api.health_check -> 200 (446 chars)
2025-10-23 21:16:41 - src.memory_monitor - INFO - Memory usage: 50.2MB (0.3%)
2025-10-23 21:16:47 - src.app_final_vue - INFO - [RESPONSE #571] GET vue_api.health_check -> 200 (446 chars)
2025-10-23 21:17:17 - src.app_final_vue - INFO - [RESPONSE #572] GET vue_api.health_check -> 200 (446 chars)
2025-10-23 21:17:41 - src.memory_monitor - INFO - Memory usage: 50.2MB (0.3%)
2025-10-23 21:17:47 - src.app_final_vue - INFO - [RESPONSE #573] GET vue_api.health_check -> 200 (446 chars)
2025-10-23 21:18:17 - src.app_final_vue - INFO - [RESPONSE #574] GET vue_api.health_check -> 200 (446 chars)
2025-10-23 21:18:41 - src.memory_monitor - INFO - Memory usage: 50.2MB (0.3%)
2025-10-23 21:18:47 - src.app_final_vue - INFO - [RESPONSE #575] GET vue_api.health_check -> 200 (446 chars)
2025-10-23 21:19:17 - src.app_final_vue - INFO - [RESPONSE #576] GET vue_api.health_check -> 200 (446 chars)
2025-10-23 21:19:41 - src.memory_monitor - INFO - Memory usage: 50.2MB (0.3%)
2025-10-23 21:19:47 - src.app_final_vue - INFO - [RESPONSE #577] GET vue_api.health_check -> 200 (446 chars)
2025-10-23 21:20:18 - src.app_final_vue - INFO - [RESPONSE #578] GET vue_api.health_check -> 200 (446 chars)
2025-10-23 21:20:41 - src.memory_monitor - INFO - Memory usage: 50.2MB (0.3%)
2025-10-23 21:20:48 - src.app_final_vue - INFO - [RESPONSE #579] GET vue_api.health_check -> 200 (446 chars)
2025-10-23 21:21:18 - src.app_final_vue - INFO - [RESPONSE #580] GET vue_api.health_check -> 200 (446 chars)
2025-10-23 21:21:41 - src.memory_monitor - INFO - Memory usage: 50.2MB (0.3%)
2025-10-23 21:21:48 - src.app_final_vue - INFO - [RESPONSE #581] GET vue_api.health_check -> 200 (446 chars)
2025-10-23 21:22:18 - src.app_final_vue - INFO - [RESPONSE #582] GET vue_api.health_check -> 200 (446 chars)
2025-10-23 21:22:41 - src.memory_monitor - INFO - Memory usage: 50.2MB (0.3%)
2025-10-23 21:22:48 - src.app_final_vue - INFO - [RESPONSE #583] GET vue_api.health_check -> 200 (446 chars)
2025-10-23 21:23:18 - src.app_final_vue - INFO - [RESPONSE #584] GET vue_api.health_check -> 200 (446 chars)
2025-10-23 21:23:42 - src.memory_monitor - INFO - Memory usage: 50.2MB (0.3%)
2025-10-23 21:23:49 - src.app_final_vue - INFO - [RESPONSE #585] GET vue_api.health_check -> 200 (446 chars)
2025-10-23 21:24:19 - src.app_final_vue - INFO - [RESPONSE #586] GET vue_api.health_check -> 200 (446 chars)
2025-10-23 21:24:42 - src.memory_monitor - INFO - Memory usage: 50.2MB (0.3%)
2025-10-23 21:24:49 - src.app_final_vue - INFO - [RESPONSE #587] GET vue_api.health_check -> 200 (446 chars)
2025-10-23 21:25:19 - src.app_final_vue - INFO - [RESPONSE #588] GET vue_api.health_check -> 200 (446 chars)
2025-10-23 21:25:42 - src.memory_monitor - INFO - Memory usage: 50.2MB (0.3%)
2025-10-23 21:25:49 - src.app_final_vue - INFO - [RESPONSE #589] GET vue_api.health_check -> 200 (446 chars)
2025-10-23 21:26:19 - src.app_final_vue - INFO - [RESPONSE #590] GET vue_api.health_check -> 200 (446 chars)
2025-10-23 21:26:42 - src.memory_monitor - INFO - Memory usage: 50.2MB (0.3%)
2025-10-23 21:26:49 - src.app_final_vue - INFO - [RESPONSE #591] GET vue_api.health_check -> 200 (446 chars)
2025-10-23 21:27:20 - src.app_final_vue - INFO - [RESPONSE #592] GET vue_api.health_check -> 200 (446 chars)
2025-10-23 21:27:42 - src.memory_monitor - INFO - Memory usage: 50.2MB (0.3%)
2025-10-23 21:27:50 - src.app_final_vue - INFO - [RESPONSE #593] GET vue_api.health_check -> 200 (446 chars)
2025-10-23 21:28:20 - src.app_final_vue - INFO - [RESPONSE #594] GET vue_api.health_check -> 200 (446 chars)
2025-10-23 21:28:42 - src.memory_monitor - INFO - Memory usage: 50.2MB (0.3%)
2025-10-23 21:28:50 - src.app_final_vue - INFO - [RESPONSE #595] GET vue_api.health_check -> 200 (446 chars)
2025-10-23 21:29:20 - src.app_final_vue - INFO - [RESPONSE #596] GET vue_api.health_check -> 200 (446 chars)
2025-10-23 21:29:42 - src.memory_monitor - INFO - Memory usage: 50.2MB (0.3%)
2025-10-23 21:29:50 - src.app_final_vue - INFO - [RESPONSE #597] GET vue_api.health_check -> 200 (446 chars)
2025-10-23 21:30:20 - src.app_final_vue - INFO - [RESPONSE #598] GET vue_api.health_check -> 200 (446 chars)
2025-10-23 21:30:42 - src.memory_monitor - INFO - Memory usage: 50.2MB (0.3%)
2025-10-23 21:30:51 - src.app_final_vue - INFO - [RESPONSE #599] GET vue_api.health_check -> 200 (446 chars)
2025-10-23 21:31:21 - src.app_final_vue - INFO - [RESPONSE #600] GET vue_api.health_check -> 200 (446 chars)
2025-10-23 21:31:42 - src.memory_monitor - INFO - Memory usage: 50.2MB (0.3%)
2025-10-23 21:31:51 - src.app_final_vue - INFO - [RESPONSE #601] GET vue_api.health_check -> 200 (446 chars)
2025-10-23 21:32:21 - src.app_final_vue - INFO - [RESPONSE #602] GET vue_api.health_check -> 200 (446 chars)
2025-10-23 21:32:42 - src.memory_monitor - INFO - Memory usage: 50.2MB (0.3%)
2025-10-23 21:32:51 - src.app_final_vue - INFO - [RESPONSE #603] GET vue_api.health_check -> 200 (446 chars)
2025-10-23 21:33:21 - src.app_final_vue - INFO - [RESPONSE #604] GET vue_api.health_check -> 200 (446 chars)
2025-10-23 21:33:42 - src.memory_monitor - INFO - Memory usage: 50.2MB (0.3%)
2025-10-23 21:33:51 - src.app_final_vue - INFO - [RESPONSE #605] GET vue_api.health_check -> 200 (446 chars)
2025-10-23 21:34:22 - src.app_final_vue - INFO - [RESPONSE #606] GET vue_api.health_check -> 200 (446 chars)
2025-10-23 21:34:42 - src.memory_monitor - INFO - Memory usage: 50.2MB (0.3%)
2025-10-23 21:34:52 - src.app_final_vue - INFO - [RESPONSE #607] GET vue_api.health_check -> 200 (446 chars)
2025-10-23 21:35:22 - src.app_final_vue - INFO - [RESPONSE #608] GET vue_api.health_check -> 200 (446 chars)
2025-10-23 21:35:42 - src.memory_monitor - INFO - Memory usage: 50.2MB (0.3%)
2025-10-23 21:35:52 - src.app_final_vue - INFO - [RESPONSE #609] GET vue_api.health_check -> 200 (446 chars)
2025-10-23 21:36:22 - src.app_final_vue - INFO - [RESPONSE #610] GET vue_api.health_check -> 200 (446 chars)
2025-10-23 21:36:42 - src.memory_monitor - INFO - Memory usage: 50.2MB (0.3%)
2025-10-23 21:36:52 - src.app_final_vue - INFO - [RESPONSE #611] GET vue_api.health_check -> 200 (446 chars)
2025-10-23 21:37:23 - src.app_final_vue - INFO - [RESPONSE #612] GET vue_api.health_check -> 200 (446 chars)
2025-10-23 21:37:42 - src.memory_monitor - INFO - Memory usage: 50.2MB (0.3%)
2025-10-23 21:37:53 - src.app_final_vue - INFO - [RESPONSE #613] GET vue_api.health_check -> 200 (446 chars)
2025-10-23 21:38:23 - src.app_final_vue - INFO - [RESPONSE #614] GET vue_api.health_check -> 200 (446 chars)
2025-10-23 21:38:42 - src.memory_monitor - INFO - Memory usage: 50.2MB (0.3%)
2025-10-23 21:38:53 - src.app_final_vue - INFO - [RESPONSE #615] GET vue_api.health_check -> 200 (446 chars)
2025-10-23 21:39:23 - src.app_final_vue - INFO - [RESPONSE #616] GET vue_api.health_check -> 200 (446 chars)
2025-10-23 21:39:42 - src.memory_monitor - INFO - Memory usage: 50.2MB (0.3%)
2025-10-23 21:39:53 - src.app_final_vue - INFO - [RESPONSE #617] GET vue_api.health_check -> 200 (446 chars)
2025-10-23 21:40:23 - src.app_final_vue - INFO - [RESPONSE #618] GET vue_api.health_check -> 200 (446 chars)
2025-10-23 21:40:43 - src.memory_monitor - INFO - Memory usage: 50.2MB (0.3%)
2025-10-23 21:40:53 - src.app_final_vue - INFO - [RESPONSE #619] GET vue_api.health_check -> 200 (446 chars)
2025-10-23 21:41:24 - src.app_final_vue - INFO - [RESPONSE #620] GET vue_api.health_check -> 200 (446 chars)
2025-10-23 21:41:43 - src.memory_monitor - INFO - Memory usage: 50.2MB (0.3%)
2025-10-23 21:41:54 - src.app_final_vue - INFO - [RESPONSE #621] GET vue_api.health_check -> 200 (446 chars)
2025-10-23 21:42:24 - src.app_final_vue - INFO - [RESPONSE #622] GET vue_api.health_check -> 200 (446 chars)
2025-10-23 21:42:43 - src.memory_monitor - INFO - Memory usage: 50.2MB (0.3%)
2025-10-23 21:42:54 - src.app_final_vue - INFO - [RESPONSE #623] GET vue_api.health_check -> 200 (446 chars)
2025-10-23 21:43:24 - src.app_final_vue - INFO - [RESPONSE #624] GET vue_api.health_check -> 200 (446 chars)
2025-10-23 21:43:43 - src.memory_monitor - INFO - Memory usage: 50.2MB (0.3%)
2025-10-23 21:43:54 - src.app_final_vue - INFO - [RESPONSE #625] GET vue_api.health_check -> 200 (446 chars)
2025-10-23 21:44:24 - src.app_final_vue - INFO - [RESPONSE #626] GET vue_api.health_check -> 200 (446 chars)
2025-10-23 21:44:43 - src.memory_monitor - INFO - Memory usage: 50.2MB (0.3%)
2025-10-23 21:44:55 - src.app_final_vue - INFO - [RESPONSE #627] GET vue_api.health_check -> 200 (446 chars)
2025-10-23 21:45:25 - src.app_final_vue - INFO - [RESPONSE #628] GET vue_api.health_check -> 200 (446 chars)
2025-10-23 21:45:43 - src.memory_monitor - INFO - Memory usage: 50.2MB (0.3%)
2025-10-23 21:45:55 - src.app_final_vue - INFO - [RESPONSE #629] GET vue_api.health_check -> 200 (446 chars)
2025-10-23 21:46:25 - src.app_final_vue - INFO - [RESPONSE #630] GET vue_api.health_check -> 200 (446 chars)
2025-10-23 21:46:43 - src.memory_monitor - INFO - Memory usage: 50.2MB (0.3%)
2025-10-23 21:46:55 - src.app_final_vue - INFO - [RESPONSE #631] GET vue_api.health_check -> 200 (446 chars)
2025-10-23 21:47:25 - src.app_final_vue - INFO - [RESPONSE #632] GET vue_api.health_check -> 200 (446 chars)
2025-10-23 21:47:43 - src.memory_monitor - INFO - Memory usage: 50.2MB (0.3%)
2025-10-23 21:47:55 - src.app_final_vue - INFO - [RESPONSE #633] GET vue_api.health_check -> 200 (446 chars)
2025-10-23 21:48:26 - src.app_final_vue - INFO - [RESPONSE #634] GET vue_api.health_check -> 200 (446 chars)
2025-10-23 21:48:43 - src.memory_monitor - INFO - Memory usage: 50.2MB (0.3%)
2025-10-23 21:48:56 - src.app_final_vue - INFO - [RESPONSE #635] GET vue_api.health_check -> 200 (446 chars)
2025-10-23 21:49:26 - src.app_final_vue - INFO - [RESPONSE #636] GET vue_api.health_check -> 200 (446 chars)
2025-10-23 21:49:43 - src.memory_monitor - INFO - Memory usage: 50.2MB (0.3%)
2025-10-23 21:49:56 - src.app_final_vue - INFO - [RESPONSE #637] GET vue_api.health_check -> 200 (446 chars)
2025-10-23 21:50:26 - src.app_final_vue - INFO - [RESPONSE #638] GET vue_api.health_check -> 200 (446 chars)
2025-10-23 21:50:43 - src.memory_monitor - INFO - Memory usage: 50.2MB (0.3%)
2025-10-23 21:50:56 - src.app_final_vue - INFO - [RESPONSE #639] GET vue_api.health_check -> 200 (446 chars)
2025-10-23 21:51:26 - src.app_final_vue - INFO - [RESPONSE #640] GET vue_api.health_check -> 200 (446 chars)
2025-10-23 21:51:43 - src.memory_monitor - INFO - Memory usage: 50.2MB (0.3%)
2025-10-23 21:51:57 - src.app_final_vue - INFO - [RESPONSE #641] GET vue_api.health_check -> 200 (446 chars)
2025-10-23 21:52:27 - src.app_final_vue - INFO - [RESPONSE #642] GET vue_api.health_check -> 200 (446 chars)
2025-10-23 21:52:43 - src.memory_monitor - INFO - Memory usage: 50.2MB (0.3%)
2025-10-23 21:52:57 - src.app_final_vue - INFO - [RESPONSE #643] GET vue_api.health_check -> 200 (446 chars)
2025-10-23 21:53:27 - src.app_final_vue - INFO - [RESPONSE #644] GET vue_api.health_check -> 200 (446 chars)
2025-10-23 21:53:43 - src.memory_monitor - INFO - Memory usage: 50.2MB (0.3%)
2025-10-23 21:53:57 - src.app_final_vue - INFO - [RESPONSE #645] GET vue_api.health_check -> 200 (446 chars)
2025-10-23 21:54:27 - src.app_final_vue - INFO - [RESPONSE #646] GET vue_api.health_check -> 200 (446 chars)
2025-10-23 21:54:43 - src.memory_monitor - INFO - Memory usage: 50.2MB (0.3%)
2025-10-23 21:54:57 - src.app_final_vue - INFO - [RESPONSE #647] GET vue_api.health_check -> 200 (446 chars)
2025-10-23 21:55:28 - src.app_final_vue - INFO - [RESPONSE #648] GET vue_api.health_check -> 200 (446 chars)
2025-10-23 21:55:44 - src.memory_monitor - INFO - Memory usage: 50.2MB (0.3%)
2025-10-23 21:55:58 - src.app_final_vue - INFO - [RESPONSE #649] GET vue_api.health_check -> 200 (446 chars)
2025-10-23 21:56:28 - src.app_final_vue - INFO - [RESPONSE #650] GET vue_api.health_check -> 200 (446 chars)
2025-10-23 21:56:44 - src.memory_monitor - INFO - Memory usage: 50.2MB (0.3%)
2025-10-23 21:56:58 - src.app_final_vue - INFO - [RESPONSE #651] GET vue_api.health_check -> 200 (446 chars)
2025-10-23 21:57:28 - src.app_final_vue - INFO - [RESPONSE #652] GET vue_api.health_check -> 200 (446 chars)
2025-10-23 21:57:44 - src.memory_monitor - INFO - Memory usage: 50.2MB (0.3%)
2025-10-23 21:57:58 - src.app_final_vue - INFO - [RESPONSE #653] GET vue_api.health_check -> 200 (446 chars)
2025-10-23 21:58:28 - src.app_final_vue - INFO - [RESPONSE #654] GET vue_api.health_check -> 200 (446 chars)
2025-10-23 21:58:44 - src.memory_monitor - INFO - Memory usage: 50.2MB (0.3%)
2025-10-23 21:58:59 - src.app_final_vue - INFO - [RESPONSE #655] GET vue_api.health_check -> 200 (446 chars)
2025-10-23 21:59:29 - src.app_final_vue - INFO - [RESPONSE #656] GET vue_api.health_check -> 200 (446 chars)
2025-10-23 21:59:44 - src.memory_monitor - INFO - Memory usage: 50.2MB (0.3%)
2025-10-23 21:59:59 - src.app_final_vue - INFO - [RESPONSE #657] GET vue_api.health_check -> 200 (446 chars)
2025-10-23 22:00:29 - src.app_final_vue - INFO - [RESPONSE #658] GET vue_api.health_check -> 200 (446 chars)
2025-10-23 22:00:44 - src.memory_monitor - INFO - Memory usage: 50.2MB (0.3%)
2025-10-23 22:00:59 - src.app_final_vue - INFO - [RESPONSE #659] GET vue_api.health_check -> 200 (446 chars)
2025-10-23 22:01:29 - src.app_final_vue - INFO - [RESPONSE #660] GET vue_api.health_check -> 200 (446 chars)
2025-10-23 22:01:44 - src.memory_monitor - INFO - Memory usage: 50.2MB (0.3%)
2025-10-23 22:02:00 - src.app_final_vue - INFO - [RESPONSE #661] GET vue_api.health_check -> 200 (446 chars)
2025-10-23 22:02:30 - src.app_final_vue - INFO - [RESPONSE #662] GET vue_api.health_check -> 200 (446 chars)
2025-10-23 22:02:44 - src.memory_monitor - INFO - Memory usage: 50.2MB (0.3%)
2025-10-23 22:03:00 - src.app_final_vue - INFO - [RESPONSE #663] GET vue_api.health_check -> 200 (446 chars)
2025-10-23 22:03:30 - src.app_final_vue - INFO - [RESPONSE #664] GET vue_api.health_check -> 200 (446 chars)
2025-10-23 22:03:44 - src.memory_monitor - INFO - Memory usage: 50.2MB (0.3%)
2025-10-23 22:04:00 - src.app_final_vue - INFO - [RESPONSE #665] GET vue_api.health_check -> 200 (446 chars)
2025-10-23 22:04:30 - src.app_final_vue - INFO - [RESPONSE #666] GET vue_api.health_check -> 200 (446 chars)
2025-10-23 22:04:44 - src.memory_monitor - INFO - Memory usage: 50.2MB (0.3%)
2025-10-23 22:05:00 - src.app_final_vue - INFO - [RESPONSE #667] GET vue_api.health_check -> 200 (446 chars)
2025-10-23 22:05:30 - src.app_final_vue - INFO - [RESPONSE #668] GET vue_api.health_check -> 200 (446 chars)
2025-10-23 22:05:44 - src.memory_monitor - INFO - Memory usage: 50.2MB (0.3%)
2025-10-23 22:06:01 - src.app_final_vue - INFO - [RESPONSE #669] GET vue_api.health_check -> 200 (446 chars)
2025-10-23 22:06:31 - src.app_final_vue - INFO - [RESPONSE #670] GET vue_api.health_check -> 200 (446 chars)
2025-10-23 22:06:44 - src.memory_monitor - INFO - Memory usage: 50.2MB (0.3%)
2025-10-23 22:07:01 - src.app_final_vue - INFO - [RESPONSE #671] GET vue_api.health_check -> 200 (446 chars)
2025-10-23 22:07:31 - src.app_final_vue - INFO - [RESPONSE #672] GET vue_api.health_check -> 200 (446 chars)
2025-10-23 22:07:44 - src.memory_monitor - INFO - Memory usage: 50.2MB (0.3%)
2025-10-23 22:08:01 - src.app_final_vue - INFO - [RESPONSE #673] GET vue_api.health_check -> 200 (446 chars)
2025-10-23 22:08:31 - src.app_final_vue - INFO - [RESPONSE #674] GET vue_api.health_check -> 200 (446 chars)
2025-10-23 22:08:44 - src.memory_monitor - INFO - Memory usage: 50.2MB (0.3%)
2025-10-23 22:09:01 - src.app_final_vue - INFO - [RESPONSE #675] GET vue_api.health_check -> 200 (446 chars)
2025-10-23 22:09:32 - src.app_final_vue - INFO - [RESPONSE #676] GET vue_api.health_check -> 200 (446 chars)
2025-10-23 22:09:44 - src.memory_monitor - INFO - Memory usage: 50.2MB (0.3%)
2025-10-23 22:10:02 - src.app_final_vue - INFO - [RESPONSE #677] GET vue_api.health_check -> 200 (446 chars)
2025-10-23 22:10:32 - src.app_final_vue - INFO - [RESPONSE #678] GET vue_api.health_check -> 200 (446 chars)
2025-10-23 22:10:44 - src.memory_monitor - INFO - Memory usage: 50.2MB (0.3%)
2025-10-23 22:11:02 - src.app_final_vue - INFO - [RESPONSE #679] GET vue_api.health_check -> 200 (446 chars)
2025-10-23 22:11:32 - src.app_final_vue - INFO - [RESPONSE #680] GET vue_api.health_check -> 200 (446 chars)
2025-10-23 22:11:44 - src.memory_monitor - INFO - Memory usage: 50.2MB (0.3%)
2025-10-23 22:12:02 - src.app_final_vue - INFO - [RESPONSE #681] GET vue_api.health_check -> 200 (446 chars)
2025-10-23 22:12:32 - src.app_final_vue - INFO - [RESPONSE #682] GET vue_api.health_check -> 200 (446 chars)
2025-10-23 22:12:44 - src.memory_monitor - INFO - Memory usage: 50.2MB (0.3%)
2025-10-23 22:13:03 - src.app_final_vue - INFO - [RESPONSE #683] GET vue_api.health_check -> 200 (446 chars)
2025-10-23 22:13:33 - src.app_final_vue - INFO - [RESPONSE #684] GET vue_api.health_check -> 200 (446 chars)
2025-10-23 22:13:44 - src.memory_monitor - INFO - Memory usage: 50.2MB (0.3%)
2025-10-23 22:14:03 - src.app_final_vue - INFO - [RESPONSE #685] GET vue_api.health_check -> 200 (446 chars)
2025-10-23 22:14:33 - src.app_final_vue - INFO - [RESPONSE #686] GET vue_api.health_check -> 200 (446 chars)
2025-10-23 22:14:45 - src.memory_monitor - INFO - Memory usage: 50.2MB (0.3%)
2025-10-23 22:15:03 - src.app_final_vue - INFO - [RESPONSE #687] GET vue_api.health_check -> 200 (446 chars)
2025-10-23 22:15:33 - src.app_final_vue - INFO - [RESPONSE #688] GET vue_api.health_check -> 200 (446 chars)
2025-10-23 22:15:45 - src.memory_monitor - INFO - Memory usage: 50.2MB (0.3%)
2025-10-23 22:16:03 - src.app_final_vue - INFO - [RESPONSE #689] GET vue_api.health_check -> 200 (446 chars)
2025-10-23 22:16:34 - src.app_final_vue - INFO - [RESPONSE #690] GET vue_api.health_check -> 200 (446 chars)
2025-10-23 22:16:45 - src.memory_monitor - INFO - Memory usage: 50.2MB (0.3%)
2025-10-23 22:17:04 - src.app_final_vue - INFO - [RESPONSE #691] GET vue_api.health_check -> 200 (446 chars)
2025-10-23 22:17:34 - src.app_final_vue - INFO - [RESPONSE #692] GET vue_api.health_check -> 200 (446 chars)
2025-10-23 22:17:45 - src.memory_monitor - INFO - Memory usage: 50.2MB (0.3%)
2025-10-23 22:18:04 - src.app_final_vue - INFO - [RESPONSE #693] GET vue_api.health_check -> 200 (446 chars)
